{
	"position": "cam_010",
	"serial": "WMTD3063300B55",
	"model_points": {
		"LED9": [
			690,
			513,
			12
		],
		"LED10": [
			641,
			465,
			12
		],
		"LED11": [
			602,
			504,
			12
		],
		"LED12": [
			586,
			465,
			12
		]
	},
	"camera_f": [
		714.923,
		714.923
	],
	"camera_c": [
		643.992,
		484.276
	],
	"camera_k": [
		0.075142,
		-0.029902,
		0.009263,
		-0.001366
	],
	"rvecs": [
		0.5687749268023377,
		1.8678966222911693,
		-1.0842046726885368
	],
	"tvecs": [
		-0.008589789571934047,
		-0.007667262572901189,
		0.3056750561829605
	],
	"blobs": [
		{
			"idx": 9,
			"cx": 0.0515810324126649,
			"cy": 0.024024598699067097,
			"area": 0.0
		},
		{
			"idx": 10,
			"cx": -0.003918961123699395,
			"cy": -0.028373982674867945,
			"area": 0.0
		},
		{
			"idx": 11,
			"cx": -0.05397493084080262,
			"cy": 0.013462697834663815,
			"area": 0.0
		},
		{
			"idx": 12,
			"cx": -0.08381698022290585,
			"cy": -0.02899177248117732,
			"area": 0.0
		}
	],
	"undistort_blobs": [
		[
			0.0644248738798741,
			0.03496282914074681
		],
		[
			-0.0038048716749956263,
			-0.03045476872243893
		],
		[
			-0.059046912352234325,
			0.02253747332446973
		],
		[
			-0.08369091661699946,
			-0.028951217562984157
		]
	],
	"distorted_2d": [
		[
			689.9870550416979,
			509.2371237693784
		],
		[
			641.2724710716979,
			462.50847887972014
		],
		[
			601.8214772978906,
			500.3719649305316
		],
		[
			584.2802402564918,
			463.61989755444733
		]
	]
}