{
	"position": "cam_003",
	"serial": "WMTD303N1027HX",
	"model_points": {
		"LED14": [
			599,
			459,
			12
		],
		"LED13": [
			630,
			470,
			12
		],
		"LED12": [
			641,
			444,
			12
		],
		"LED11": [
			669,
			479,
			12
		]
	},
	"camera_f": [
		717.277,
		717.277
	],
	"camera_c": [
		647.811,
		485.478
	],
	"camera_k": [
		0.065902,
		-0.015672,
		0.00032,
		0.000556
	],
	"rvecs": [
		0.9496692523664653,
		0.1470991507649461,
		-0.11152131976594515
	],
	"tvecs": [
		-0.03728667021436866,
		-0.018799163611681255,
		0.3057933685214405
	],
	"blobs": [
		{
			"idx": 14,
			"cx": -0.07524448530686643,
			"cy": -0.04177545828516974,
			"area": 0.0
		},
		{
			"idx": 13,
			"cx": -0.03152127809694059,
			"cy": -0.029645530157482006,
			"area": 0.0
		},
		{
			"idx": 12,
			"cx": -0.016625349309510172,
			"cy": -0.06968416353543615,
			"area": 0.0
		},
		{
			"idx": 11,
			"cx": 0.025593186851735828,
			"cy": -0.013778952661255438,
			"area": 0.0
		}
	],
	"undistort_blobs": [
		[
			-0.0663031637899628,
			-0.033228315422271504
		],
		[
			-0.026864257667401324,
			-0.023043295349292354
		],
		[
			-0.013625051058836858,
			-0.0595414807867456
		],
		[
			0.02541316809198211,
			-0.009871436297278517
		]
	],
	"distorted_2d": [
		[
			600.3230499224289,
			461.67906652929446
		],
		[
			628.5483375501647,
			468.95510829977985
		],
		[
			638.0477990269694,
			442.81280625925325
		],
		[
			666.0356588377848,
			478.3988527600466
		]
	]
}