{
	"position": "cam_001",
	"serial": "WMTD306N100YUC",
	"model_points": {
		"LED3": [
			702,
			493,
			12
		],
		"LED4": [
			655,
			453,
			12
		],
		"LED5": [
			585,
			501,
			12
		],
		"LED6": [
			536,
			453,
			12
		]
	},
	"camera_f": [
		713.624,
		713.624
	],
	"camera_c": [
		645.13,
		462.774
	],
	"camera_k": [
		0.069461,
		-0.023398,
		0.005656,
		-0.000683
	],
	"rvecs": [
		0.6203992822921097,
		-1.9136255328804295,
		1.0479291895016198
	],
	"tvecs": [
		0.016769727141503165,
		-0.007132645794234929,
		0.2993717352247946
	],
	"blobs": [
		{
			"idx": 3,
			"cx": 0.0622895804755227,
			"cy": 0.035801247221383566,
			"area": 0.0
		},
		{
			"idx": 4,
			"cx": 0.010205012385645883,
			"cy": -0.010566823464038512,
			"area": 0.0
		},
		{
			"idx": 5,
			"cx": -0.0704639323418404,
			"cy": 0.04551057136466309,
			"area": 0.0
		},
		{
			"idx": 6,
			"cx": -0.12854985496315532,
			"cy": -0.010415521392487878,
			"area": 0.0
		}
	],
	"undistort_blobs": [
		[
			0.0793976666666718,
			0.039398912121478516
		],
		[
			0.014021925721875432,
			-0.017130058699322204
		],
		[
			-0.08472236522445056,
			0.05081358731071102
		],
		[
			-0.15276356711856356,
			-0.017873658545286032
		]
	],
	"distorted_2d": [
		[
			701.6729950252254,
			490.83190882289455
		],
		[
			655.1350890383058,
			450.5511594346172
		],
		[
			584.8251781784335,
			498.94277693120273
		],
		[
			536.7882636030122,
			450.09778904807706
		]
	]
}