{
	"position": "cam_002",
	"serial": "WMTD306A400RBB",
	"model_points": {
		"LED9": [
			683,
			497,
			12
		],
		"LED10": [
			633,
			456,
			12
		],
		"LED11": [
			593,
			493,
			12
		],
		"LED12": [
			560,
			456,
			12
		]
	},
	"camera_f": [
		716.571,
		716.571
	],
	"camera_c": [
		651.012,
		496.356
	],
	"camera_k": [
		0.070881,
		-0.024718,
		0.006349,
		-0.000814
	],
	"rvecs": [
		0.8009086327020141,
		1.600101844366533,
		-0.8417369937057237
	],
	"tvecs": [
		-0.03259405630464829,
		-0.020545664871737847,
		0.3093330602739967
	],
	"blobs": [
		{
			"idx": 9,
			"cx": 0.03569200262168501,
			"cy": -0.008105768373928263,
			"area": 0.0
		},
		{
			"idx": 10,
			"cx": -0.019704768936691545,
			"cy": -0.06069884793570622,
			"area": 0.0
		},
		{
			"idx": 11,
			"cx": -0.07460140569695366,
			"cy": -0.016153901653239156,
			"area": 0.0
		},
		{
			"idx": 12,
			"cx": -0.11961104300563474,
			"cy": -0.05935876411163323,
			"area": 0.0
		}
	],
	"undistort_blobs": [
		[
			0.04356583771218312,
			-0.0003852930481677594
		],
		[
			-0.02256989346856561,
			-0.06066628507343145
		],
		[
			-0.08360914210873042,
			-0.009454261411164993
		],
		[
			-0.12814472349163578,
			-0.05819236730889412
		]
	],
	"distorted_2d": [
		[
			682.2144757893537,
			496.0800476107292
		],
		[
			634.8568233781147,
			452.93202231397606
		],
		[
			591.2111245350465,
			489.59390323638354
		],
		[
			559.6608187977802,
			454.8721109581863
		]
	]
}