{
	"position": "cam_100",
	"serial": "WMTD303A5006BW",
	"model_points": {
		"LED6": [
			715,
			475,
			12
		],
		"LED7": [
			646,
			528,
			12
		],
		"LED8": [
			576,
			468,
			12
		],
		"LED9": [
			558,
			514,
			12
		]
	},
	"camera_f": [
		714.938,
		714.938
	],
	"camera_c": [
		676.234,
		495.192
	],
	"camera_k": [
		0.074468,
		-0.024896,
		0.005643,
		-0.000568
	],
	"rvecs": [
		0.07132167781338669,
		2.7004842635542734,
		-1.3652638113025286
	],
	"tvecs": [
		-0.01034681962472286,
		-0.015827461866070057,
		0.301533448795383
	],
	"blobs": [
		{
			"idx": 6,
			"cx": 0.04011533533428248,
			"cy": -0.04111514231593,
			"area": 0.0
		},
		{
			"idx": 7,
			"cx": -0.021258669999921855,
			"cy": 0.014638509793358059,
			"area": 0.0
		},
		{
			"idx": 8,
			"cx": -0.0951801949344335,
			"cy": -0.03735481064337337,
			"area": 0.0
		},
		{
			"idx": 9,
			"cx": -0.12991630159617132,
			"cy": 0.010154504293221022,
			"area": 0.0
		}
	],
	"undistort_blobs": [
		[
			0.05572137713227082,
			-0.03374958844903007
		],
		[
			-0.0411553451898313,
			0.04204375229564027
		],
		[
			-0.1375148837060044,
			-0.03580501471378404
		],
		[
			-0.16668959491512483,
			0.026087529704438058
		]
	],
	"distorted_2d": [
		[
			716.0276367480611,
			471.0896010239442
		],
		[
			646.8368092227595,
			525.223778412379
		],
		[
			578.4292715909551,
			469.7263947841291
		],
		[
			557.9297963493375,
			513.70703945683
		]
	]
}