{
	"position": "cam_000",
	"serial": "WMTD306A400T91",
	"model_points": {
		"LED3": [
			706,
			496,
			12
		],
		"LED4": [
			674,
			455,
			12
		],
		"LED5": [
			605,
			508,
			12
		],
		"LED6": [
			547,
			452,
			12
		]
	},
	"camera_f": [
		716.229,
		716.229
	],
	"camera_c": [
		661.222,
		493.271
	],
	"camera_k": [
		0.075759,
		-0.026343,
		0.006198,
		-0.000643
	],
	"rvecs": [
		0.4317304929740629,
		-2.2509948401374675,
		1.2415804996405235
	],
	"tvecs": [
		-0.005750950974078915,
		-0.015795188538299046,
		0.3006722128285035
	],
	"blobs": [
		{
			"idx": 3,
			"cx": 0.05101117797549154,
			"cy": -0.004708731856642257,
			"area": 0.0
		},
		{
			"idx": 4,
			"cx": -0.008982484394761478,
			"cy": -0.05265278379940796,
			"area": 0.0
		},
		{
			"idx": 5,
			"cx": -0.08560684449418868,
			"cy": 0.0009962727549002915,
			"area": 0.0
		},
		{
			"idx": 6,
			"cx": -0.1302445522322414,
			"cy": -0.05471540950656026,
			"area": 0.0
		}
	],
	"undistort_blobs": [
		[
			0.06084289178391948,
			0.00462362256857316
		],
		[
			0.01608888447012072,
			-0.052943265528014614
		],
		[
			-0.07865915690065184,
			0.015648059366770488
		],
		[
			-0.15678828982076082,
			-0.05685451443886278
		]
	],
	"distorted_2d": [
		[
			704.7577114307148,
			496.57940122827864
		],
		[
			672.7362483122141,
			455.38136838003516
		],
		[
			604.9771408058162,
			504.4600710557431
		],
		[
			549.721768615267,
			452.83882536216913
		]
	]
}