{
	"position": "cam_011",
	"serial": "WMTD306L500Z8H",
	"model_points": {
		"LED14": [
			588,
			460,
			12
		],
		"LED13": [
			620,
			467,
			12
		],
		"LED12": [
			634,
			439,
			12
		],
		"LED11": [
			678,
			476,
			12
		]
	},
	"camera_f": [
		717.214,
		717.214
	],
	"camera_c": [
		642.858,
		474.687
	],
	"camera_k": [
		0.072943,
		-0.025317,
		0.006315,
		-0.000784
	],
	"rvecs": [
		0.882541771466698,
		0.5745224309036593,
		-0.40377306586640577
	],
	"tvecs": [
		-0.031055605965651614,
		-0.012734386902640504,
		0.3045344543733756
	],
	"blobs": [
		{
			"idx": 14,
			"cx": -0.08098462762393337,
			"cy": -0.0252762205102797,
			"area": 0.0
		},
		{
			"idx": 13,
			"cx": -0.03336279504125903,
			"cy": -0.016353958655298047,
			"area": 0.0
		},
		{
			"idx": 12,
			"cx": -0.01205753493593352,
			"cy": -0.056613009725492436,
			"area": 0.0
		},
		{
			"idx": 11,
			"cx": 0.044348893771799715,
			"cy": -0.004784443090467865,
			"area": 0.0
		}
	],
	"undistort_blobs": [
		[
			-0.07843168588438798,
			-0.017622834366469737
		],
		[
			-0.03328039677212646,
			-0.010182677024531264
		],
		[
			-0.011402747277710696,
			-0.04914321539088713
		],
		[
			0.045684117049082304,
			-0.0014453592902457033
		]
	],
	"distorted_2d": [
		[
			586.7001121298234,
			462.0688706668411
		],
		[
			618.9963583650123,
			467.38614383209256
		],
		[
			634.6852044403995,
			439.46413284795636
		],
		[
			675.6054789219672,
			473.65093153793174
		]
	]
}