{
	"position": "cam_110",
	"serial": "WMTD306N100AXM",
	"model_points": {
		"LED0": [
			678,
			486,
			12
		],
		"LED1": [
			645,
			495,
			12
		],
		"LED2": [
			618,
			467,
			12
		],
		"LED3": [
			589,
			504,
			12
		]
	},
	"camera_f": [
		712.623,
		712.623
	],
	"camera_c": [
		653.448,
		475.572
	],
	"camera_k": [
		0.072867,
		-0.026268,
		0.007135,
		-0.000997
	],
	"rvecs": [
		0.8705660714400523,
		-0.504565854466273,
		0.3233950857620097
	],
	"tvecs": [
		0.02191767871758824,
		-0.0037472852249401272,
		0.304870996677832
	],
	"blobs": [
		{
			"idx": 0,
			"cx": 0.027884797108091074,
			"cy": 0.011612391497198744,
			"area": 0.0
		},
		{
			"idx": 1,
			"cx": -0.01981529886577518,
			"cy": 0.023837054597759262,
			"area": 0.0
		},
		{
			"idx": 2,
			"cx": -0.05447560571210772,
			"cy": -0.012372114688237618,
			"area": 0.0
		},
		{
			"idx": 3,
			"cx": -0.09196134648207983,
			"cy": 0.03947269838322715,
			"area": 0.0
		}
	],
	"undistort_blobs": [
		[
			0.03327736675919515,
			0.013098286048080504
		],
		[
			-0.013959780141475862,
			0.0253269628669569
		],
		[
			-0.049110335493418894,
			-0.010568488721078012
		],
		[
			-0.08685013522065956,
			0.040696027509478705
		]
	],
	"distorted_2d": [
		[
			677.1543210932774,
			484.90303202168457
		],
		[
			643.502105939648,
			493.61664590361306
		],
		[
			618.473826255325,
			468.04559731844734
		],
		[
			591.7043644384205,
			504.50368427389566
		]
	]
}