{
	"position": "cam_101",
	"serial": "WMTD305L6003D6",
	"model_points": {
		"LED0": [
			686,
			480,
			12
		],
		"LED1": [
			655,
			487,
			12
		],
		"LED2": [
			622,
			457,
			12
		],
		"LED3": [
			588,
			492,
			12
		]
	},
	"camera_f": [
		716.896,
		716.896
	],
	"camera_c": [
		668.902,
		460.618
	],
	"camera_k": [
		0.07542,
		-0.026874,
		0.006662,
		-0.000775
	],
	"rvecs": [
		0.7392345883247602,
		-0.9771479304169262,
		0.6759884345806516
	],
	"tvecs": [
		0.006255369903465366,
		0.0013264269704496984,
		0.30338464330833864
	],
	"blobs": [
		{
			"idx": 0,
			"cx": 0.011058544448744892,
			"cy": 0.03230332749445198,
			"area": 0.0
		},
		{
			"idx": 1,
			"cx": -0.03560923636325645,
			"cy": 0.0419445433958793,
			"area": 0.0
		},
		{
			"idx": 2,
			"cx": -0.07673131875469615,
			"cy": 0.004400792857522268,
			"area": 0.0
		},
		{
			"idx": 3,
			"cx": -0.1231234361221157,
			"cy": 0.053699600800203424,
			"area": 0.0
		}
	],
	"undistort_blobs": [
		[
			0.024669264997872083,
			0.024394440655895345
		],
		[
			-0.019424900227869232,
			0.03275620975514436
		],
		[
			-0.06384092810664993,
			-0.00799138724485585
		],
		[
			-0.11545386794158091,
			0.04176206967910036
		]
	],
	"distorted_2d": [
		[
			686.5818096734167,
			478.1008503371661
		],
		[
			654.9815727578986,
			484.09201681730644
		],
		[
			623.1834804091916,
			454.89511336368207
		],
		[
			586.4535312000937,
			490.44132909538445
		]
	]
}