{
	"position": "cam_111",
	"serial": "WMTD304C3009ZF",
	"model_points": {
		"LED6": [
			727,
			478,
			12
		],
		"LED7": [
			667,
			535,
			12
		],
		"LED8": [
			593,
			480,
			12
		],
		"LED9": [
			557,
			526,
			12
		]
	},
	"camera_f": [
		716.969,
		716.969
	],
	"camera_c": [
		644.91,
		490.534
	],
	"camera_k": [
		0.069708,
		-0.023068,
		0.005478,
		-0.000664
	],
	"rvecs": [
		0.290184878194777,
		2.4402120768115325,
		-1.263203771250003
	],
	"tvecs": [
		-0.01597497806183075,
		-0.010797965958734071,
		0.30231325128779696
	],
	"blobs": [
		{
			"idx": 6,
			"cx": 0.07276746171603626,
			"cy": -0.03535734827753324,
			"area": 0.0
		},
		{
			"idx": 7,
			"cx": 0.0021452401601061814,
			"cy": 0.019300382508065192,
			"area": 0.0
		},
		{
			"idx": 8,
			"cx": -0.06906293122359194,
			"cy": -0.03718780717960891,
			"area": 0.0
		},
		{
			"idx": 9,
			"cx": -0.09463200533574007,
			"cy": 0.00877464269975423,
			"area": 0.0
		}
	],
	"undistort_blobs": [
		[
			0.11410283800875604,
			-0.01921943829086628
		],
		[
			0.028504183965111337,
			0.056793842188776
		],
		[
			-0.07167414833252131,
			-0.018029213444021343
		],
		[
			-0.12162786653057323,
			0.04544173855196496
		]
	],
	"distorted_2d": [
		[
			726.4310100579438,
			476.8026323183521
		],
		[
			665.3248966336096,
			531.2101484253868
		],
		[
			593.5956915235927,
			477.6261853725924
		],
		[
			558.0915027050431,
			522.9705095605801
		]
	]
}