{"gyro_m":[0.0056908572,-0.9980263654,-0.0227423867,-0.0011272589,0.02191778,-0.9985183677,0.9976605654,0.004016776,-0.0086280736],"acc_b":[-0.1579796674,0.1358170442,-0.1194358206],"build_bash":"568eaa2725999b69cdda6f2f1c252427dafe3ebf","TrackedObject":{"JsonVersion":3,"Lensing":{"Model0":[4,0.00225126,-0.00488171,0.00377238,-0.000125422]},"GyroCalibration":[0.01007932,-0.99800247,-0.02262349,0.00803852,0.02183754,-0.99855814,0.99759413,0.00820643,0.00064479,-0.00622608,-0.01267922,-0.00278873],"ImuPosition":[-0.005584116,-0.007119839,0.01985501],"ModelPoints":{"Point12":[0.033007,0.00368969,0.00022582,0.7051038,-0.6950803,0.14032818,85.0,80.0,0.0],"Point11":[0.04226804,0.02280077,-0.00386487,0.9435189,-0.10477919,-0.31431419,85.0,80.0,0.0],"Point14":[0.02019107,-0.0041028,-0.01489263,0.49720891,-0.70839529,-0.5009585,85.0,80.0,0.0],"Point13":[0.03026651,0.00387004,-0.01306987,0.67315478,-0.5810967,-0.45737213,85.0,80.0,0.0],"Point10":[0.04276992,0.03016744,0.01631011,0.90904575,-0.17393345,0.37865945,85.0,80.0,0.0],"Point0":[-0.02164717,-0.00339185,-0.01388412,-0.52706841,-0.71386452,-0.46108171,85.0,80.0,0.0],"Point1":[-0.03201647,0.00567471,-0.01216926,-0.71941994,-0.53832866,-0.43890456,85.0,80.0,0.0],"Point2":[-0.0370172,0.00917934,0.00318938,-0.75763735,-0.6234486,0.19312559,85.0,80.0,0.0],"Point3":[-0.04297077,0.0270956,-0.00194208,-0.95565641,0.00827838,-0.29436762,85.0,80.0,0.0],"Point4":[-0.04176234,0.03597212,0.02000342,-0.89943476,-0.04857372,0.43434745,85.0,80.0,0.0],"Point5":[-0.02931414,0.06181315,0.01623857,-0.57938915,0.80424722,-0.13226727,85.0,80.0,0.0],"Point6":[-0.01453551,0.06311053,0.03652011,-0.32401356,0.5869508,0.74195955,85.0,80.0,0.0],"Point7":[0.007677,0.07117793,0.02074927,0.14082806,0.97575588,-0.16753482,85.0,80.0,0.0],"Point8":[0.03000516,0.05517989,0.03113699,0.66436362,0.41503629,0.62158335,85.0,80.0,0.0],"Point9":[0.03722962,0.05273691,0.01088159,0.77126662,0.61174447,-0.17583089,85.0,80.0,0.0]},"BuildBash":"568eaa2725999b69cdda6f2f1c252427dafe3ebf","LedOnTime":35,"FlsVersion":"1.0.10","AccCalibration":[0.00939,-0.99841975,-0.02382989,0.00375994,0.02226922,-0.99815202,0.99740103,0.00892394,-0.00012886,-0.15797967,0.13581704,-0.11943582]},"gyro_b":[-0.0062260821,-0.0126792184,-0.0027887271],"acc_m":[0.0050018904,-0.9984467523,-0.0239453191,-0.0054037799,0.0223429097,-0.9981049693,0.9974251371,0.0047363697,-0.0094032538]}
