{
	"CAMERA_0": {
		"Vertex": [],
		"Project": [
			[
				981.8801879882812,
				138.11981201171875
			],
			[
				981.8802490234375,
				821.8805541992188
			],
			[
				298.11956787109375,
				138.1197509765625
			],
			[
				298.1195373535156,
				821.8804321289062
			],
			[
				639.9999389648438,
				138.1197967529297
			],
			[
				639.9999389648438,
				821.8805541992188
			],
			[
				298.11956787109375,
				480.0001525878906
			],
			[
				981.8801879882812,
				480.0001525878906
			],
			[
				639.9999389648438,
				480.0001525878906
			]
		],
		"OpenCV": [
			[
				980.5483658335158,
				138.12087078141582
			],
			[
				981.8786977885878,
				820.548670933674
			],
			[
				298.12054604610427,
				139.4511716530563
			],
			[
				299.4508782446765,
				821.8790342613506
			],
			[
				639.3344715538782,
				138.78602118679856
			],
			[
				640.6648036307004,
				821.2138525670734
			],
			[
				298.7857121454497,
				480.66510298764035
			],
			[
				981.2135318111111,
				479.3347708879818
			],
			[
				639.9996375923486,
				479.99993690737284
			]
		],
		"Obj_Util": [
			[
				981.8801879882812,
				138.1197738647461
			],
			[
				981.8801879882812,
				821.8803834915161
			],
			[
				298.1195259094238,
				138.1197738647461
			],
			[
				298.1195259094238,
				821.8804121017456
			],
			[
				639.999885559082,
				138.1197738647461
			],
			[
				639.999885559082,
				821.8804121017456
			],
			[
				298.1195259094238,
				480.0000858306885
			],
			[
				981.8801879882812,
				480.0000858306885
			],
			[
				639.999885559082,
				480.0000858306885
			]
		],
		"points3D": [
			[
				-5.0,
				1.0,
				1.0
			],
			[
				-5.0,
				1.0,
				-1.0
			],
			[
				-5.0,
				-1.0,
				1.0
			],
			[
				-5.0,
				-1.0,
				-1.0
			],
			[
				-5.0,
				0.0,
				1.0
			],
			[
				-5.0,
				0.0,
				-1.0
			],
			[
				-5.0,
				-1.0,
				0.0
			],
			[
				-5.0,
				1.0,
				0.0
			],
			[
				-5.0,
				0.0,
				0.0
			]
		]
	},
	"CAMERA_1": {
		"Vertex": [],
		"Project": [
			[
				981.8801879882812,
				138.11981201171875
			],
			[
				981.8802490234375,
				821.8805541992188
			],
			[
				298.11956787109375,
				138.1197509765625
			],
			[
				298.1195373535156,
				821.8804321289062
			],
			[
				639.9999389648438,
				138.1197967529297
			],
			[
				639.9999389648438,
				821.8805541992188
			],
			[
				298.11956787109375,
				480.0001525878906
			],
			[
				981.8801879882812,
				480.0001525878906
			],
			[
				639.9999389648438,
				480.0001525878906
			]
		],
		"OpenCV": [
			[
				980.5483658335158,
				138.12087078141582
			],
			[
				981.8786977885878,
				820.548670933674
			],
			[
				298.12054604610427,
				139.4511716530563
			],
			[
				299.4508782446765,
				821.8790342613506
			],
			[
				639.3344715538782,
				138.78602118679856
			],
			[
				640.6648036307004,
				821.2138525670734
			],
			[
				298.7857121454497,
				480.66510298764035
			],
			[
				981.2135318111111,
				479.3347708879818
			],
			[
				639.9996375923486,
				479.99993690737284
			]
		],
		"Obj_Util": [
			[
				981.8801879882812,
				138.1197738647461
			],
			[
				981.8801879882812,
				821.8803834915161
			],
			[
				298.1195259094238,
				138.1197738647461
			],
			[
				298.1195259094238,
				821.8804121017456
			],
			[
				639.999885559082,
				138.1197738647461
			],
			[
				639.999885559082,
				821.8804121017456
			],
			[
				298.1195259094238,
				480.0000858306885
			],
			[
				981.8801879882812,
				480.0000858306885
			],
			[
				639.999885559082,
				480.0000858306885
			]
		],
		"points3D": [
			[
				-5.0,
				1.0,
				1.0
			],
			[
				-5.0,
				1.0,
				-1.0
			],
			[
				-5.0,
				-1.0,
				1.0
			],
			[
				-5.0,
				-1.0,
				-1.0
			],
			[
				-5.0,
				0.0,
				1.0
			],
			[
				-5.0,
				0.0,
				-1.0
			],
			[
				-5.0,
				-1.0,
				0.0
			],
			[
				-5.0,
				1.0,
				0.0
			],
			[
				-5.0,
				0.0,
				0.0
			]
		]
	}
}