{
	"CAMERA_0": {
		"Vertex": [],
		"Project": [
			[
				1472.8203125,
				27.17975425720215
			],
			[
				1472.8203125,
				1052.8209228515625
			],
			[
				447.1792907714844,
				27.179676055908203
			],
			[
				447.1792297363281,
				1052.82080078125
			]
		],
		"OpenCV": [
			[
				1470.822558243663,
				27.18133570555392
			],
			[
				1472.818056221945,
				1050.823035933941
			],
			[
				447.18080513324605,
				29.17678701301486
			],
			[
				449.17630347677834,
				1052.8185809254562
			]
		],
		"Obj_Util": [
			[
				1472.8202819824219,
				27.17963933944702
			],
			[
				1472.8202819824219,
				1052.8205899894238
			],
			[
				447.17928886413574,
				27.179574966430664
			],
			[
				447.17928886413574,
				1052.8206483274698
			]
		],
		"points3D": [
			[
				-5.0,
				1.0,
				1.0
			],
			[
				-5.0,
				1.0,
				-1.0
			],
			[
				-5.0,
				-1.0,
				1.0
			],
			[
				-5.0,
				-1.0,
				-1.0
			]
		]
	},
	"CAMERA_1": {
		"Vertex": [],
		"Project": [
			[
				1472.8203125,
				27.17975425720215
			],
			[
				1472.8203125,
				1052.8209228515625
			],
			[
				447.1792907714844,
				27.179676055908203
			],
			[
				447.1792297363281,
				1052.82080078125
			]
		],
		"OpenCV": [
			[
				1470.822558243663,
				27.18133570555392
			],
			[
				1472.818056221945,
				1050.823035933941
			],
			[
				447.18080513324605,
				29.17678701301486
			],
			[
				449.17630347677834,
				1052.8185809254562
			]
		],
		"Obj_Util": [
			[
				1472.8202819824219,
				27.17963933944702
			],
			[
				1472.8202819824219,
				1052.8205899894238
			],
			[
				447.17928886413574,
				27.179574966430664
			],
			[
				447.17928886413574,
				1052.8206483274698
			]
		],
		"points3D": [
			[
				-5.0,
				1.0,
				1.0
			],
			[
				-5.0,
				1.0,
				-1.0
			],
			[
				-5.0,
				-1.0,
				1.0
			],
			[
				-5.0,
				-1.0,
				-1.0
			]
		]
	}
}