{
	"CAMERA_0": {
		"Vertex": [],
		"Project": [
			[
				790.4907836914062,
				338.5292053222656
			],
			[
				790.4908447265625,
				612.6149291992188
			],
			[
				516.405029296875,
				338.5291748046875
			],
			[
				516.4050903320312,
				612.6149291992188
			],
			[
				653.4479370117188,
				338.5292053222656
			],
			[
				653.4479370117188,
				612.6149291992188
			],
			[
				516.4050903320312,
				475.5720520019531
			],
			[
				790.4907836914062,
				475.5720520019531
			],
			[
				653.447998046875,
				475.57208251953125
			]
		],
		"OpenCV": [
			[
				789.9569744908886,
				338.5296050197937
			],
			[
				790.4902385941456,
				612.0810500599648
			],
			[
				516.4055064002597,
				339.0628566336536
			],
			[
				516.9387706011239,
				612.6143267093508
			],
			[
				653.1812467044797,
				338.7962308145228
			],
			[
				653.7145108565403,
				612.3476883724563
			],
			[
				516.6721385007156,
				475.8385916837029
			],
			[
				790.2236065425409,
				475.30532755207986
			],
			[
				653.4478787805338,
				475.57195960569015
			]
		],
		"Obj_Util": [
			[
				790.4908752441406,
				338.52916717529297
			],
			[
				790.4908752441406,
				612.6149368286133
			],
			[
				516.4051055908203,
				338.52916717529297
			],
			[
				516.4051055908203,
				612.6149368286133
			],
			[
				653.4479522705078,
				338.52916717529297
			],
			[
				653.4479522705078,
				612.6149368286133
			],
			[
				516.4051055908203,
				475.5720520019531
			],
			[
				790.4908752441406,
				475.5720520019531
			],
			[
				653.4479522705078,
				475.5720520019531
			]
		],
		"points3D": [
			[
				-5.0,
				1.0,
				1.0
			],
			[
				-5.0,
				1.0,
				-1.0
			],
			[
				-5.0,
				-1.0,
				1.0
			],
			[
				-5.0,
				-1.0,
				-1.0
			],
			[
				-5.0,
				0.0,
				1.0
			],
			[
				-5.0,
				0.0,
				-1.0
			],
			[
				-5.0,
				-1.0,
				0.0
			],
			[
				-5.0,
				1.0,
				0.0
			],
			[
				-5.0,
				0.0,
				0.0
			]
		]
	},
	"CAMERA_1": {
		"Vertex": [],
		"Project": [
			[
				1349.4339599609375,
				285.4818115234375
			],
			[
				1349.4339599609375,
				665.6615600585938
			],
			[
				947.4149780273438,
				329.6649475097656
			],
			[
				947.4150390625,
				621.4786376953125
			],
			[
				1121.9920654296875,
				310.4783935546875
			],
			[
				1121.9921875,
				640.6651611328125
			],
			[
				947.4149780273438,
				475.5718078613281
			],
			[
				1349.43408203125,
				475.57171630859375
			],
			[
				1121.9920654296875,
				475.57177734375
			]
		],
		"OpenCV": [
			[
				1349.4338451309666,
				285.48185964199286
			],
			[
				1349.433884773955,
				665.6616149537062
			],
			[
				947.4148804860647,
				329.6650205543419
			],
			[
				947.4149403517498,
				621.4786837752927
			],
			[
				1121.9919266090235,
				310.47844877839
			],
			[
				1121.9919798829576,
				640.6651560297889
			],
			[
				947.4149104189084,
				475.57185750668117
			],
			[
				1349.4338649524618,
				475.57174636476464
			],
			[
				1121.9919532459917,
				475.57180924321773
			]
		],
		"Obj_Util": [
			[
				1349.4338989257812,
				285.4819107055664
			],
			[
				1349.4338989257812,
				665.661678314209
			],
			[
				947.4149322509766,
				329.66503143310547
			],
			[
				947.4150085449219,
				621.4787292480469
			],
			[
				1121.991958618164,
				310.4784393310547
			],
			[
				1121.9920349121094,
				640.6652069091797
			],
			[
				947.4150085449219,
				475.5718803405762
			],
			[
				1349.4338989257812,
				475.5717658996582
			],
			[
				1121.9920349121094,
				475.5718231201172
			]
		],
		"points3D": [
			[
				-5.0,
				1.0,
				1.0
			],
			[
				-5.0,
				1.0,
				-1.0
			],
			[
				-5.0,
				-1.0,
				1.0
			],
			[
				-5.0,
				-1.0,
				-1.0
			],
			[
				-5.0,
				0.0,
				1.0
			],
			[
				-5.0,
				0.0,
				-1.0
			],
			[
				-5.0,
				-1.0,
				0.0
			],
			[
				-5.0,
				1.0,
				0.0
			],
			[
				-5.0,
				0.0,
				0.0
			]
		]
	}
}