{
	"CAMERA_0": {
		"Vertex": [],
		"Project": [
			[
				1084.4444580078125,
				35.55572509765625
			],
			[
				1084.4443359375,
				924.4446411132812
			],
			[
				195.55548095703125,
				35.55564880371094
			],
			[
				195.55545043945312,
				924.4447021484375
			]
		],
		"OpenCV": [
			[
				1082.712948068085,
				35.557170303477335
			],
			[
				1084.442379578055,
				922.7133064576594
			],
			[
				195.556774161789,
				37.28654927354273
			],
			[
				197.28620608327418,
				924.4427909784281
			]
		],
		"Obj_Util": [
			[
				1084.4442749023438,
				35.55564880371094
			],
			[
				1084.4442749023438,
				924.4444799423218
			],
			[
				195.55545806884766,
				35.55564880371094
			],
			[
				195.55545806884766,
				924.4444799423218
			]
		],
		"points3D": [
			[
				1.0,
				1.0,
				1.0
			],
			[
				1.0,
				1.0,
				-1.0
			],
			[
				1.0,
				-1.0,
				1.0
			],
			[
				1.0,
				-1.0,
				-1.0
			]
		]
	},
	"CAMERA_1": {
		"Vertex": [],
		"Project": [
			[
				610.400390625,
				66.61747741699219
			],
			[
				610.4005737304688,
				893.3819580078125
			],
			[
				78.06261444091797,
				152.94923400878906
			],
			[
				78.06280517578125,
				807.0504760742188
			],
			[
				957.9462280273438,
				181.07078552246094
			],
			[
				957.9464111328125,
				778.928466796875
			]
		],
		"OpenCV": [
			[
				610.4000989377304,
				66.61763127765994
			],
			[
				610.4003316551951,
				893.3820812065815
			],
			[
				78.06235179031898,
				152.94943241962176
			],
			[
				78.06257092977557,
				807.0505858261886
			],
			[
				957.9460825966239,
				181.070913515617
			],
			[
				957.9462299820672,
				778.928616995102
			]
		],
		"Obj_Util": [
			[
				610.4001235961914,
				66.61771774291992
			],
			[
				610.4003143310547,
				893.3820676803589
			],
			[
				78.06241512298584,
				152.9494857788086
			],
			[
				78.06257247924805,
				807.0505428314209
			],
			[
				957.9460144042969,
				181.07093811035156
			],
			[
				957.9461669921875,
				778.9286184310913
			]
		],
		"points3D": [
			[
				1.0,
				1.0,
				1.0
			],
			[
				1.0,
				1.0,
				-1.0
			],
			[
				1.0,
				-1.0,
				1.0
			],
			[
				1.0,
				-1.0,
				-1.0
			],
			[
				-1.0,
				1.0,
				1.0
			],
			[
				-1.0,
				1.0,
				-1.0
			]
		]
	}
}