{
	"0": [
		{
			"WMTD3064400ESF": {
				"L_CONTROLLER": {
					"SRT": {
						"rvecs": [
							[
								[
									1.0,
									0.0,
									0.0,
									0.0
								],
								[
									0.0,
									1.0,
									0.0,
									0.0
								],
								[
									0.0,
									0.0,
									1.0,
									0.0
								]
							]
						],
						"tvecs": [
							[
								0.0
							],
							[
								0.0
							],
							[
								0.0
							]
						]
					}
				}
			}
		}
	],
	"1": [
		{
			"WMTD307H601AF2": {
				"L_CONTROLLER": {
					"SRT": {
						"rvecs": [
							[
								[
									0.8467767608185164,
									0.015063749997528625,
									0.5317341025938851,
									-0.21587630335932545
								],
								[
									-0.019197386369920015,
									0.9998125895442402,
									0.0022474266378845207,
									0.0014319908092483716
								],
								[
									-0.5316009305414946,
									-0.012111224854804368,
									0.846907292137766,
									0.062161345441476286
								]
							]
						],
						"tvecs": [
							[
								0.0
							],
							[
								0.0
							],
							[
								0.0
							]
						]
					}
				}
			}
		}
	]
}