{
	"0": [
		{
			"WMTD3064400ESF": {
				"L_CONTROLLER": {
					"SRT": {
						"rvecs": [
							[
								[
									1.0081472670435188
								],
								[
									-1.1211630830966421
								],
								[
									0.5580096434976978
								]
							]
						],
						"tvecs": [
							[
								0.09300603088425564
							],
							[
								0.0527109455775718
							],
							[
								0.31663718663187274
							]
						]
					}
				}
			}
		},
		{
			"WMTD307H601AF2": {
				"L_CONTROLLER": {
					"SRT": {
						"rvecs": [
							[
								[
									0.9315495079594885
								],
								[
									-1.1202898016579543
								],
								[
									0.6428693101443298
								]
							]
						],
						"tvecs": [
							[
								0.07290238143341914
							],
							[
								0.04974002590544858
							],
							[
								0.36678725363298315
							]
						]
					}
				}
			}
		}
	],
	"1": [
		{
			"WMTD307H601AF2": {
				"L_CONTROLLER": {
					"SRT": {
						"rvecs": [
							[
								[
									0.8225961138886418
								],
								[
									-0.7151059110477961
								],
								[
									0.5471649989957262
								]
							]
						],
						"tvecs": [
							[
								0.004779269271901538
							],
							[
								0.060998485157662125
							],
							[
								0.2797474775797718
							]
						]
					}
				}
			}
		},
		{
			"WMTD3064400ESF": {
				"L_CONTROLLER": {
					"SRT": {
						"rvecs": [
							[
								[
									0.9224169188497903
								],
								[
									-0.6360296118664995
								],
								[
									0.4926142965914053
								]
							]
						],
						"tvecs": [
							[
								0.025253056614037834
							],
							[
								0.05191207562529857
							],
							[
								0.3263706618228339
							]
						]
					}
				}
			}
		}
	],
	"2": [
		{
			"WMTD307H601AF2": {
				"L_CONTROLLER": {
					"SRT": {
						"rvecs": [
							[
								[
									0.9505994235848478
								],
								[
									-1.0976944591917739
								],
								[
									0.6050611260295197
								]
							]
						],
						"tvecs": [
							[
								0.07313281219861484
							],
							[
								0.04882376305388701
							],
							[
								0.3641273154485687
							]
						]
					}
				}
			}
		}
	],
	"3": [
		{
			"WMTD3064400ESF": {
				"L_CONTROLLER": {
					"SRT": {
						"rvecs": [
							[
								[
									0.9173450198275201
								],
								[
									-0.6330190894755695
								],
								[
									0.49332475603342474
								]
							]
						],
						"tvecs": [
							[
								0.025288650743635413
							],
							[
								0.05204659263887578
							],
							[
								0.32652963814841873
							]
						]
					}
				}
			}
		}
	]
}