{
	"0": [
		{
			"WMTD307H601AF2": {
				"L_CONTROLLER": {
					"SRT": {
						"rvecs": [
							[
								[
									1.0408751701777958
								],
								[
									-1.3564503295761272
								],
								[
									0.6099095726173165
								]
							]
						],
						"tvecs": [
							[
								0.07094294594784116
							],
							[
								-0.018391832686427717
							],
							[
								0.44275118012280207
							]
						]
					}
				}
			}
		}
	],
	"1": [
		{
			"WMTD3064400ESF": {
				"L_CONTROLLER": {
					"SRT": {
						"rvecs": [
							[
								[
									1.1983530105564564
								],
								[
									-1.0109365907303884
								],
								[
									0.5152111789967048
								]
							]
						],
						"tvecs": [
							[
								0.152945783756068
							],
							[
								-0.017517379467757346
							],
							[
								0.41892150479975304
							]
						]
					}
				}
			}
		}
	],
	"2": [
		{
			"WMTD307H601AF2": {
				"L_CONTROLLER": {
					"SRT": {
						"rvecs": [
							[
								[
									1.0416823481937403
								],
								[
									-1.3562488085184343
								],
								[
									0.6097351499058203
								]
							]
						],
						"tvecs": [
							[
								0.07088869035117167
							],
							[
								-0.018383578544845562
							],
							[
								0.44206941235061586
							]
						]
					}
				}
			}
		}
	],
	"3": [
		{
			"WMTD3064400ESF": {
				"L_CONTROLLER": {
					"SRT": {
						"rvecs": [
							[
								[
									1.2032110865553753
								],
								[
									-1.0131502483444284
								],
								[
									0.5121025281112587
								]
							]
						],
						"tvecs": [
							[
								0.15280756669320156
							],
							[
								-0.017655321331275592
							],
							[
								0.41840145910175025
							]
						]
					}
				}
			}
		}
	],
	"4": [
		{
			"WMTD307H601AF2": {
				"L_CONTROLLER": {
					"SRT": {
						"rvecs": [
							[
								[
									1.0073844747057474
								],
								[
									-1.4586942996821617
								],
								[
									0.6331305330853897
								]
							]
						],
						"tvecs": [
							[
								0.06046331317222235
							],
							[
								-0.01842115021095861
							],
							[
								0.442292945139592
							]
						]
					}
				}
			}
		}
	],
	"5": [
		{
			"WMTD3064400ESF": {
				"L_CONTROLLER": {
					"SRT": {
						"rvecs": [
							[
								[
									1.1730132258063581
								],
								[
									-1.1119821930827913
								],
								[
									0.5297053260036171
								]
							]
						],
						"tvecs": [
							[
								0.14177478306776828
							],
							[
								-0.019055968680952946
							],
							[
								0.41697991137482227
							]
						]
					}
				}
			}
		}
	],
	"6": [
		{
			"WMTD307H601AF2": {
				"L_CONTROLLER": {
					"SRT": {
						"rvecs": [
							[
								[
									1.0028161497123511
								],
								[
									-1.4505389803668436
								],
								[
									0.6318257405537274
								]
							]
						],
						"tvecs": [
							[
								0.05335231692921121
							],
							[
								-0.017728807520732054
							],
							[
								0.44001297154213953
							]
						]
					}
				}
			}
		}
	],
	"7": [
		{
			"WMTD3064400ESF": {
				"L_CONTROLLER": {
					"SRT": {
						"rvecs": [
							[
								[
									1.1743245048961135
								],
								[
									-1.1074007411943865
								],
								[
									0.5240502339447737
								]
							]
						],
						"tvecs": [
							[
								0.1340872533833895
							],
							[
								-0.019582964805809084
							],
							[
								0.4156264237433757
							]
						]
					}
				}
			}
		}
	]
}