Points3DData,Combination,AvgRvecStd,StdRvecStd,AvgTvecStd,StdTvecStd,AvgReprojErr,StdReprojErr
points3D_origin,4,0.0340593284254018,0.0223341428435838,0.0038650508477987,0.0016452625343505,0.3616376445329298,0.1088661639045824
points3D_legacy,4,0.035591109399692,0.0239803035270629,0.0041500088062941,0.0019486703622166,0.3754504693972052,0.1119618448207836
points3D_IQR,4,0.0169692864828435,0.0132013003170184,0.0015883580116981,0.0011062025119481,0.1507991507768388,0.0727324723350066
