Points3DData,Combination,AvgRvecStd,StdRvecStd,AvgTvecStd,StdTvecStd,AvgReprojErr,StdReprojErr
points3D_legacy,4,0.035591109399692046,0.023980303527062943,0.004150008806294138,0.0019486703622166026,0.3754504693972052,0.11196184482078367
