Points3DData,Combination,AvgRvecStd,StdRvecStd,AvgTvecStd,StdTvecStd,AvgReprojErr,StdReprojErr
points3D_origin,4,0.03405932842540181,0.02233414284358383,0.0038650508477987002,0.0016452625343505868,0.3616376445329298,0.1088661639045824
