Points3DData,Combination,AvgRvecStd,StdRvecStd,AvgTvecStd,StdTvecStd,AvgReprojErr,StdReprojErr
points3D_IQR,4,0.016969286482843567,0.013201300317018464,0.0015883580116981737,0.0011062025119481635,0.15079915077683884,0.0727324723350066
