{
	"gyro_m": [
		0.0,
		-0.63284048,
		-0.7742822,
		-1.0,
		0.0,
		0.0,
		0.0,
		0.7742822,
		-0.63284048
	],
	"acc_b": [
		0.0869521499,
		-0.0313450445,
		-0.02941645
	],
	"build_bash": "568eaa2725999b69cdda6f2f1c252427dafe3ebf",
	"TrackedObject": {
		"JsonVersion": 3,
		"Lensing": {
			"Model0": [
				4,
				0.00225126,
				-0.00488171,
				0.00377238,
				-0.000125422
			]
		},
		"GyroCalibration": [
			0.01875115,
			-0.99487953,
			-0.02274691,
			0.00482334,
			0.02047649,
			-0.99794449,
			0.99637316,
			0.01736382,
			0.01769765,
			-0.0239684,
			0.0051186,
			-0.00331802
		],
		"ImuPosition": [
			0.00734185,
			-0.004325,
			-0.026319
		],
		"ModelPoints": {
			"Point0": [
				-0.0053982,
				-0.03661029,
				0.00409765,
				-0.60688004,
				-0.75584205,
				-0.24576291,
				85.0,
				80.0,
				0.0
			],
			"Point1": [
				0.00966514,
				-0.04730943,
				0.00413283,
				-0.33720495,
				-0.90003042,
				-0.27611241,
				85.0,
				80.0,
				0.0
			],
			"Point2": [
				0.02986483,
				-0.0513426,
				0.00364559,
				0.11035048,
				-0.95576858,
				-0.27263381,
				85.0,
				80.0,
				0.0
			],
			"Point3": [
				0.05157213,
				-0.04542232,
				0.00318098,
				0.51196981,
				-0.84107304,
				-0.17459397,
				85.0,
				80.0,
				0.0
			],
			"Point4": [
				0.06950789,
				-0.02943775,
				0.00318268,
				0.83833736,
				-0.54169635,
				-0.06128241,
				85.0,
				80.0,
				0.0
			],
			"Point5": [
				0.07741629,
				-0.01316978,
				0.00314296,
				0.96998041,
				-0.23536262,
				-0.06117552,
				85.0,
				80.0,
				0.0
			],
			"Point6": [
				0.07834162,
				0.0093544,
				0.00272611,
				0.98373745,
				0.16887833,
				-0.06116157,
				85.0,
				80.0,
				0.0
			],
			"Point7": [
				0.07163763,
				0.02638916,
				0.00301001,
				0.87571599,
				0.48070836,
				-0.04517721,
				85.0,
				80.0,
				0.0
			],
			"Point8": [
				0.05310652,
				0.04449605,
				0.00310697,
				0.54204116,
				0.82528168,
				-0.15843461,
				85.0,
				80.0,
				0.0
			],
			"Point9": [
				0.03429465,
				0.05096013,
				0.00387192,
				0.19284405,
				0.94275266,
				-0.27208197,
				85.0,
				80.0,
				0.0
			],
			"Point10": [
				0.01252722,
				0.04831872,
				0.00402086,
				-0.21963071,
				0.92057199,
				-0.3229699,
				85.0,
				80.0,
				0.0
			],
			"Point11": [
				-0.00531478,
				0.03668292,
				0.00423132,
				-0.60688004,
				0.75584205,
				-0.24576291,
				85.0,
				80.0,
				0.0
			],
			"Point12": [
				-0.0171474,
				-0.02511367,
				0.01734982,
				-0.75344005,
				-0.64331363,
				0.13592523,
				85.0,
				80.0,
				0.0
			],
			"Point13": [
				-0.00737778,
				-0.03627128,
				0.01727403,
				-0.64614776,
				-0.74783871,
				0.152415,
				85.0,
				80.0,
				0.0
			],
			"Point14": [
				0.02464489,
				-0.0508784,
				0.01828865,
				0.01024382,
				-0.93983665,
				0.34147055,
				85.0,
				80.0,
				0.0
			],
			"Point15": [
				0.04459287,
				-0.04738713,
				0.01823167,
				0.36842103,
				-0.8465559,
				0.38419924,
				85.0,
				80.0,
				0.0
			],
			"Point16": [
				0.06116344,
				-0.0356807,
				0.01897757,
				0.65268227,
				-0.62648053,
				0.42606103,
				85.0,
				80.0,
				0.0
			],
			"Point17": [
				0.07381416,
				-0.01471618,
				0.01927311,
				0.84769881,
				-0.25119497,
				0.46723422,
				85.0,
				80.0,
				0.0
			],
			"Point18": [
				0.07172281,
				0.02064916,
				0.01931075,
				0.81854725,
				0.35282319,
				0.45331689,
				85.0,
				80.0,
				0.0
			],
			"Point19": [
				0.05468653,
				0.04167699,
				0.01884481,
				0.5400044,
				0.73368009,
				0.41244245,
				85.0,
				80.0,
				0.0
			],
			"Point20": [
				0.0343455,
				0.05020953,
				0.01847999,
				0.18586076,
				0.90365993,
				0.38581669,
				85.0,
				80.0,
				0.0
			],
			"Point21": [
				0.01246988,
				0.04864129,
				0.01762595,
				-0.22076738,
				0.92403974,
				0.31210946,
				85.0,
				80.0,
				0.0
			],
			"Point22": [
				-0.00734318,
				0.0363756,
				0.01707997,
				-0.64614776,
				0.74783871,
				0.152415,
				85.0,
				80.0,
				0.0
			],
			"Point23": [
				-0.0172052,
				0.02490546,
				0.0169346,
				-0.80510213,
				0.57732451,
				0.13604035,
				85.0,
				80.0,
				0.0
			]
		},
		"BuildBash": "568eaa2725999b69cdda6f2f1c252427dafe3ebf",
		"LedOnTime": 35,
		"FlsVersion": "1.0.10",
		"AccCalibration": [
			0.01817801,
			-0.9966802,
			-0.02541401,
			0.0104506,
			0.02255148,
			-0.9995636,
			0.99862424,
			0.01783981,
			0.01562896,
			0.08695215,
			-0.03134504,
			-0.02941645
		]
	},
	"gyro_b": [
		-0.0239684046,
		0.005118604,
		-0.0033180178
	],
	"acc_m": [
		0.0,
		-0.63284048,
		-0.7742822,
		-1.0,
		0.0,
		0.0,
		0.0,
		0.7742822,
		-0.63284048
	],
	"joy_x_range_min": 40,
	"joy_x_range_max": 160,
	"joy_y_range_min": 40,
	"joy_y_range_max": 160,
	"trigger_min_range": 40,
	"trigger_max_range": 80,
	"grip_min_range": 40,
	"grip_max_range": 80
}