{
	"gyro_m": [
		0.0,
		-0.63284048,
		-0.7742822,
		-1.0,
		0.0,
		0.0,
		0.0,
		0.7742822,
		-0.63284048
	],
	"acc_b": [
		0.0869521499,
		-0.0313450445,
		-0.02941645
	],
	"build_bash": "568eaa2725999b69cdda6f2f1c252427dafe3ebf",
	"TrackedObject": {
		"JsonVersion": 3,
		"Lensing": {
			"Model0": [
				4,
				0.00225126,
				-0.00488171,
				0.00377238,
				-0.000125422
			]
		},
		"GyroCalibration": [
			0.01875115,
			-0.99487953,
			-0.02274691,
			0.00482334,
			0.02047649,
			-0.99794449,
			0.99637316,
			0.01736382,
			0.01769765,
			-0.0239684,
			0.0051186,
			-0.00331802
		],
		"ImuPosition": [
			0.00734185,
			-0.004325,
			-0.026319
		],
		"ModelPoints": {
			"Point0": [
				-0.00524208,
				0.03678171,
				0.00467712,
				-0.60690608,
				0.7558081,
				-0.24580303,
				85.0,
				80.0,
				0.0
			],
			"Point1": [
				0.0098228,
				0.04727789,
				0.00403722,
				-0.33721106,
				0.90002916,
				-0.27610905,
				85.0,
				80.0,
				0.0
			],
			"Point2": [
				0.03007747,
				0.05140337,
				0.00388293,
				0.11029794,
				0.95578547,
				-0.27259585,
				85.0,
				80.0,
				0.0
			],
			"Point3": [
				0.05171169,
				0.04547531,
				0.00353023,
				0.51198002,
				0.84106703,
				-0.17459301,
				85.0,
				80.0,
				0.0
			],
			"Point4": [
				0.06967876,
				0.02940204,
				0.00321956,
				0.83832391,
				0.54171494,
				-0.06130199,
				85.0,
				80.0,
				0.0
			],
			"Point5": [
				0.07750112,
				0.0128698,
				0.00270803,
				0.96997164,
				0.23539291,
				-0.06119798,
				85.0,
				80.0,
				0.0
			],
			"Point6": [
				0.07837229,
				-0.0096637,
				0.00302779,
				0.98373035,
				-0.16890506,
				-0.06120202,
				85.0,
				80.0,
				0.0
			],
			"Point7": [
				0.07176223,
				-0.02643022,
				0.00279968,
				0.87571497,
				-0.48070798,
				-0.045201,
				85.0,
				80.0,
				0.0
			],
			"Point8": [
				0.05294331,
				-0.04464407,
				0.00301774,
				0.54200717,
				-0.82531026,
				-0.15840205,
				85.0,
				80.0,
				0.0
			],
			"Point9": [
				0.03448617,
				-0.05095001,
				0.00330398,
				0.19281007,
				-0.94275034,
				-0.2721141,
				85.0,
				80.0,
				0.0
			],
			"Point10": [
				0.01253783,
				-0.04865672,
				0.00402183,
				-0.21959387,
				-0.92057345,
				-0.32299081,
				85.0,
				80.0,
				0.0
			],
			"Point11": [
				-0.00538125,
				-0.03662368,
				0.00445876,
				-0.60690608,
				-0.7558081,
				-0.24580303,
				85.0,
				80.0,
				0.0
			],
			"Point12": [
				-0.01725268,
				0.02488932,
				0.01687019,
				-0.75343206,
				0.64332705,
				0.13590601,
				85.0,
				80.0,
				0.0
			],
			"Point13": [
				-0.00757188,
				0.03621733,
				0.01719712,
				-0.64614031,
				0.74784636,
				0.15240907,
				85.0,
				80.0,
				0.0
			],
			"Point14": [
				0.02435682,
				0.05083943,
				0.0179466,
				0.0102,
				0.93982314,
				0.34150905,
				85.0,
				80.0,
				0.0
			],
			"Point15": [
				0.04442262,
				0.04722815,
				0.01842026,
				0.36838884,
				0.84657463,
				0.38418883,
				85.0,
				80.0,
				0.0
			],
			"Point16": [
				0.06124504,
				0.03585524,
				0.01879485,
				0.65267367,
				0.62647469,
				0.42608279,
				85.0,
				80.0,
				0.0
			],
			"Point17": [
				0.07371754,
				0.01499975,
				0.01916772,
				0.84771199,
				0.251203,
				0.46720599,
				85.0,
				80.0,
				0.0
			],
			"Point18": [
				0.07144655,
				-0.0203278,
				0.01956457,
				0.81854471,
				-0.35281887,
				0.45332484,
				85.0,
				80.0,
				0.0
			],
			"Point19": [
				0.05452261,
				-0.04116862,
				0.01895707,
				0.54000294,
				-0.73370392,
				0.41240196,
				85.0,
				80.0,
				0.0
			],
			"Point20": [
				0.0342893,
				-0.05018629,
				0.0183033,
				0.18589307,
				-0.90366632,
				0.38578614,
				85.0,
				80.0,
				0.0
			],
			"Point21": [
				0.01239826,
				-0.04881614,
				0.01798267,
				-0.22080702,
				-0.92403008,
				0.31211003,
				85.0,
				80.0,
				0.0
			],
			"Point22": [
				-0.00728582,
				-0.03635152,
				0.01716985,
				-0.64614031,
				-0.74784636,
				0.15240907,
				85.0,
				80.0,
				0.0
			],
			"Point23": [
				-0.01697121,
				-0.02474043,
				0.01696174,
				-0.80511726,
				-0.57731219,
				0.13600304,
				85.0,
				80.0,
				0.0
			]
		},
		"BuildBash": "568eaa2725999b69cdda6f2f1c252427dafe3ebf",
		"LedOnTime": 35,
		"FlsVersion": "1.0.10",
		"AccCalibration": [
			0.01817801,
			-0.9966802,
			-0.02541401,
			0.0104506,
			0.02255148,
			-0.9995636,
			0.99862424,
			0.01783981,
			0.01562896,
			0.08695215,
			-0.03134504,
			-0.02941645
		]
	},
	"gyro_b": [
		-0.0239684046,
		0.005118604,
		-0.0033180178
	],
	"acc_m": [
		0.0,
		-0.63284048,
		-0.7742822,
		-1.0,
		0.0,
		0.0,
		0.0,
		0.7742822,
		-0.63284048
	],
	"joy_x_range_min": 40,
	"joy_x_range_max": 160,
	"joy_y_range_min": 40,
	"joy_y_range_max": 160,
	"trigger_min_range": 40,
	"trigger_max_range": 80,
	"grip_min_range": 40,
	"grip_max_range": 80
}