{
	"gyro_m": [
		0.0,
		-0.63284048,
		-0.7742822,
		-1.0,
		0.0,
		0.0,
		0.0,
		0.7742822,
		-0.63284048
	],
	"acc_b": [
		0.0869521499,
		-0.0313450445,
		-0.02941645
	],
	"build_bash": "568eaa2725999b69cdda6f2f1c252427dafe3ebf",
	"TrackedObject": {
		"JsonVersion": 3,
		"Lensing": {
			"Model0": [
				4,
				0.00225126,
				-0.00488171,
				0.00377238,
				-0.000125422
			]
		},
		"GyroCalibration": [
			0.01875115,
			-0.99487953,
			-0.02274691,
			0.00482334,
			0.02047649,
			-0.99794449,
			0.99637316,
			0.01736382,
			0.01769765,
			-0.0239684,
			0.0051186,
			-0.00331802
		],
		"ImuPosition": [
			0.00734185,
			-0.004325,
			-0.026319
		],
		"ModelPoints": {
			"Point0": [
				-0.00531917,
				-0.03667862,
				0.00437644,
				-0.60688004,
				-0.75584205,
				-0.24576291,
				85.0,
				80.0,
				0.0
			],
			"Point1": [
				0.00968822,
				-0.04736084,
				0.00399398,
				-0.33720495,
				-0.90003042,
				-0.27611241,
				85.0,
				80.0,
				0.0
			],
			"Point2": [
				0.0300777,
				-0.05136861,
				0.0034401,
				0.11035048,
				-0.95576858,
				-0.27263381,
				85.0,
				80.0,
				0.0
			],
			"Point3": [
				0.05141388,
				-0.04524479,
				0.00358376,
				0.51196981,
				-0.84107304,
				-0.17459397,
				85.0,
				80.0,
				0.0
			],
			"Point4": [
				0.06934585,
				-0.0294768,
				0.00315306,
				0.83833736,
				-0.54169635,
				-0.06128241,
				85.0,
				80.0,
				0.0
			],
			"Point5": [
				0.0774702,
				-0.01326505,
				0.0030998,
				0.96998041,
				-0.23536262,
				-0.06117552,
				85.0,
				80.0,
				0.0
			],
			"Point6": [
				0.07825506,
				0.00974866,
				0.00283168,
				0.98373745,
				0.16887833,
				-0.06116157,
				85.0,
				80.0,
				0.0
			],
			"Point7": [
				0.07168465,
				0.02610714,
				0.00287743,
				0.87571599,
				0.48070836,
				-0.04517721,
				85.0,
				80.0,
				0.0
			],
			"Point8": [
				0.05325905,
				0.04461909,
				0.00326315,
				0.54204116,
				0.82528168,
				-0.15843461,
				85.0,
				80.0,
				0.0
			],
			"Point9": [
				0.03437959,
				0.05096922,
				0.00355995,
				0.19284405,
				0.94275266,
				-0.27208197,
				85.0,
				80.0,
				0.0
			],
			"Point10": [
				0.01257689,
				0.04832252,
				0.0039589,
				-0.21963071,
				0.92057199,
				-0.3229699,
				85.0,
				80.0,
				0.0
			],
			"Point11": [
				-0.00517259,
				0.03662869,
				0.00429233,
				-0.60688004,
				0.75584205,
				-0.24576291,
				85.0,
				80.0,
				0.0
			],
			"Point12": [
				-0.0171787,
				-0.02502037,
				0.01726344,
				-0.75344005,
				-0.64331363,
				0.13592523,
				85.0,
				80.0,
				0.0
			],
			"Point13": [
				-0.0073738,
				-0.03645715,
				0.01714647,
				-0.64614776,
				-0.74783871,
				0.152415,
				85.0,
				80.0,
				0.0
			],
			"Point14": [
				0.02466996,
				-0.05105284,
				0.01810398,
				0.01024382,
				-0.93983665,
				0.34147055,
				85.0,
				80.0,
				0.0
			],
			"Point15": [
				0.04428231,
				-0.04707183,
				0.0187033,
				0.36842103,
				-0.8465559,
				0.38419924,
				85.0,
				80.0,
				0.0
			],
			"Point16": [
				0.06124438,
				-0.03542095,
				0.01860923,
				0.65268227,
				-0.62648053,
				0.42606103,
				85.0,
				80.0,
				0.0
			],
			"Point17": [
				0.07373164,
				-0.01490689,
				0.01933384,
				0.84769881,
				-0.25119497,
				0.46723422,
				85.0,
				80.0,
				0.0
			],
			"Point18": [
				0.07168161,
				0.0207793,
				0.01891876,
				0.81854725,
				0.35282319,
				0.45331689,
				85.0,
				80.0,
				0.0
			],
			"Point19": [
				0.05457242,
				0.04142605,
				0.01921433,
				0.5400044,
				0.73368009,
				0.41244245,
				85.0,
				80.0,
				0.0
			],
			"Point20": [
				0.03430513,
				0.05016117,
				0.01841206,
				0.18586076,
				0.90365993,
				0.38581669,
				85.0,
				80.0,
				0.0
			],
			"Point21": [
				0.01250312,
				0.0486698,
				0.01780666,
				-0.22076738,
				0.92403974,
				0.31210946,
				85.0,
				80.0,
				0.0
			],
			"Point22": [
				-0.00738689,
				0.03631695,
				0.01711243,
				-0.64614776,
				0.74783871,
				0.152415,
				85.0,
				80.0,
				0.0
			],
			"Point23": [
				-0.01712303,
				0.02489599,
				0.0169657,
				-0.80510213,
				0.57732451,
				0.13604035,
				85.0,
				80.0,
				0.0
			]
		},
		"BuildBash": "568eaa2725999b69cdda6f2f1c252427dafe3ebf",
		"LedOnTime": 35,
		"FlsVersion": "1.0.10",
		"AccCalibration": [
			0.01817801,
			-0.9966802,
			-0.02541401,
			0.0104506,
			0.02255148,
			-0.9995636,
			0.99862424,
			0.01783981,
			0.01562896,
			0.08695215,
			-0.03134504,
			-0.02941645
		]
	},
	"gyro_b": [
		-0.0239684046,
		0.005118604,
		-0.0033180178
	],
	"acc_m": [
		0.0,
		-0.63284048,
		-0.7742822,
		-1.0,
		0.0,
		0.0,
		0.0,
		0.7742822,
		-0.63284048
	],
	"joy_x_range_min": 40,
	"joy_x_range_max": 160,
	"joy_y_range_min": 40,
	"joy_y_range_max": 160,
	"trigger_min_range": 40,
	"trigger_max_range": 80,
	"grip_min_range": 40,
	"grip_max_range": 80
}