{
	"gyro_m": [
		0.0,
		-0.63284048,
		-0.7742822,
		-1.0,
		0.0,
		0.0,
		0.0,
		0.7742822,
		-0.63284048
	],
	"acc_b": [
		0.0869521499,
		-0.0313450445,
		-0.02941645
	],
	"build_bash": "568eaa2725999b69cdda6f2f1c252427dafe3ebf",
	"TrackedObject": {
		"JsonVersion": 3,
		"Lensing": {
			"Model0": [
				4,
				0.00225126,
				-0.00488171,
				0.00377238,
				-0.000125422
			]
		},
		"GyroCalibration": [
			0.01875115,
			-0.99487953,
			-0.02274691,
			0.00482334,
			0.02047649,
			-0.99794449,
			0.99637316,
			0.01736382,
			0.01769765,
			-0.0239684,
			0.0051186,
			-0.00331802
		],
		"ImuPosition": [
			0.00734185,
			-0.004325,
			-0.026319
		],
		"ModelPoints": {
			"Point0": [
				-0.00537049,
				-0.03665648,
				0.00433091,
				-0.60688004,
				-0.75584205,
				-0.24576291,
				85.0,
				80.0,
				0.0
			],
			"Point1": [
				0.00966191,
				-0.04740676,
				0.00401344,
				-0.33720495,
				-0.90003042,
				-0.27611241,
				85.0,
				80.0,
				0.0
			],
			"Point2": [
				0.0299515,
				-0.05147623,
				0.00375698,
				0.11035048,
				-0.95576858,
				-0.27263381,
				85.0,
				80.0,
				0.0
			],
			"Point3": [
				0.05151215,
				-0.04554983,
				0.00349297,
				0.51196981,
				-0.84107304,
				-0.17459397,
				85.0,
				80.0,
				0.0
			],
			"Point4": [
				0.06948108,
				-0.02948481,
				0.00307188,
				0.83833736,
				-0.54169635,
				-0.06128241,
				85.0,
				80.0,
				0.0
			],
			"Point5": [
				0.07742386,
				-0.0129789,
				0.00275499,
				0.96998041,
				-0.23536262,
				-0.06117552,
				85.0,
				80.0,
				0.0
			],
			"Point6": [
				0.07828886,
				0.00952309,
				0.00294549,
				0.98373745,
				0.16887833,
				-0.06116157,
				85.0,
				80.0,
				0.0
			],
			"Point7": [
				0.07175256,
				0.02623855,
				0.00310369,
				0.87571599,
				0.48070836,
				-0.04517721,
				85.0,
				80.0,
				0.0
			],
			"Point8": [
				0.05313153,
				0.04465155,
				0.00322577,
				0.54204116,
				0.82528168,
				-0.15843461,
				85.0,
				80.0,
				0.0
			],
			"Point9": [
				0.03431619,
				0.05094802,
				0.00362404,
				0.19284405,
				0.94275266,
				-0.27208197,
				85.0,
				80.0,
				0.0
			],
			"Point10": [
				0.01248338,
				0.04832298,
				0.0041474,
				-0.21963071,
				0.92057199,
				-0.3229699,
				85.0,
				80.0,
				0.0
			],
			"Point11": [
				-0.00528752,
				0.03665473,
				0.00439618,
				-0.60688004,
				0.75584205,
				-0.24576291,
				85.0,
				80.0,
				0.0
			],
			"Point12": [
				-0.01717952,
				-0.02501156,
				0.01700808,
				-0.75344005,
				-0.64331363,
				0.13592523,
				85.0,
				80.0,
				0.0
			],
			"Point13": [
				-0.00744228,
				-0.03630995,
				0.01703316,
				-0.64614776,
				-0.74783871,
				0.152415,
				85.0,
				80.0,
				0.0
			],
			"Point14": [
				0.02460513,
				-0.05080396,
				0.01810895,
				0.01024382,
				-0.93983665,
				0.34147055,
				85.0,
				80.0,
				0.0
			],
			"Point15": [
				0.04448498,
				-0.04716363,
				0.0187511,
				0.36842103,
				-0.8465559,
				0.38419924,
				85.0,
				80.0,
				0.0
			],
			"Point16": [
				0.06132879,
				-0.03577173,
				0.01897643,
				0.65268227,
				-0.62648053,
				0.42606103,
				85.0,
				80.0,
				0.0
			],
			"Point17": [
				0.07394676,
				-0.0147401,
				0.01899874,
				0.84769881,
				-0.25119497,
				0.46723422,
				85.0,
				80.0,
				0.0
			],
			"Point18": [
				0.07162869,
				0.02042537,
				0.01927964,
				0.81854725,
				0.35282319,
				0.45331689,
				85.0,
				80.0,
				0.0
			],
			"Point19": [
				0.05461951,
				0.04167165,
				0.01878776,
				0.5400044,
				0.73368009,
				0.41244245,
				85.0,
				80.0,
				0.0
			],
			"Point20": [
				0.03428239,
				0.05024575,
				0.01828286,
				0.18586076,
				0.90365993,
				0.38581669,
				85.0,
				80.0,
				0.0
			],
			"Point21": [
				0.01255805,
				0.04870636,
				0.01789459,
				-0.22076738,
				0.92403974,
				0.31210946,
				85.0,
				80.0,
				0.0
			],
			"Point22": [
				-0.007375,
				0.03635081,
				0.01705377,
				-0.64614776,
				0.74783871,
				0.152415,
				85.0,
				80.0,
				0.0
			],
			"Point23": [
				-0.01721503,
				0.02493493,
				0.01698199,
				-0.80510213,
				0.57732451,
				0.13604035,
				85.0,
				80.0,
				0.0
			]
		},
		"BuildBash": "568eaa2725999b69cdda6f2f1c252427dafe3ebf",
		"LedOnTime": 35,
		"FlsVersion": "1.0.10",
		"AccCalibration": [
			0.01817801,
			-0.9966802,
			-0.02541401,
			0.0104506,
			0.02255148,
			-0.9995636,
			0.99862424,
			0.01783981,
			0.01562896,
			0.08695215,
			-0.03134504,
			-0.02941645
		]
	},
	"gyro_b": [
		-0.0239684046,
		0.005118604,
		-0.0033180178
	],
	"acc_m": [
		0.0,
		-0.63284048,
		-0.7742822,
		-1.0,
		0.0,
		0.0,
		0.0,
		0.7742822,
		-0.63284048
	],
	"joy_x_range_min": 40,
	"joy_x_range_max": 160,
	"joy_y_range_min": 40,
	"joy_y_range_max": 160,
	"trigger_min_range": 40,
	"trigger_max_range": 80,
	"grip_min_range": 40,
	"grip_max_range": 80
}