{
	"serial": "WMTD306N100YUC",
	"camera_f": [
		713.624,
		713.624
	],
	"camera_c": [
		645.13,
		462.774
	],
	"camera_k": [
		0.069461,
		-0.023398,
		0.005656,
		-0.000683
	]
}