{
	"serial": "WMTD307H601E9L",
	"camera_f": [
		712.991,
		712.991
	],
	"camera_c": [
		640.721,
		478.511
	],
	"camera_k": [
		0.075313,
		-0.028047,
		0.007603,
		-0.000960
	]
}