{
	"serial": "WMTD3063300B55",
	"camera_f": [
		714.923,
		714.923
	],
	"camera_c": [
		643.992,
		484.276
	],
	"camera_k": [
		0.075142,
		-0.029902,
		0.009263,
		-0.001366
	]
}