{
	"position": "cam_000",
	"serial": "WMTD306A400T91",
	"model_points": {
		"LED3": [
			706,
			496,
			12
		],
		"LED4": [
			674,
			455,
			12
		],
		"LED5": [
			605,
			508,
			12
		],
		"LED6": [
			547,
			452,
			12
		]
	},
	"camera_f": [
		716.229,
		716.229
	],
	"camera_c": [
		661.222,
		493.271
	],
	"camera_k": [
		0.075759,
		-0.026343,
		0.006198,
		-0.000643
	],
	"rvecs": [
		0.4330867876892291,
		-2.2581836970805558,
		1.2421969342775614
	],
	"tvecs": [
		-0.005886301165489048,
		-0.016011049536645578,
		0.30030789153558374
	],
	"blobs": [
		{
			"idx": 3,
			"cx": 0.05101117797549154,
			"cy": -0.004708731856642257,
			"area": 0.0
		},
		{
			"idx": 4,
			"cx": -0.008982484394761478,
			"cy": -0.05265278379940796,
			"area": 0.0
		},
		{
			"idx": 5,
			"cx": -0.08560684449418868,
			"cy": 0.0009962727549002915,
			"area": 0.0
		},
		{
			"idx": 6,
			"cx": -0.1302445522322414,
			"cy": -0.05471540950656026,
			"area": 0.0
		}
	],
	"undistort_blobs": [
		[
			0.061126894326882536,
			0.004547730752726639
		],
		[
			0.01686766330286502,
			-0.05302466077925327
		],
		[
			-0.07797318799422485,
			0.01552032994391341
		],
		[
			-0.15618707551625505,
			-0.05695340956386317
		]
	],
	"distorted_2d": [
		[
			704.9605458006307,
			496.52506896600005
		],
		[
			673.293486453887,
			455.3234513190877
		],
		[
			605.4660445631623,
			504.36905622904567
		],
		[
			550.144332030801,
			452.76667596206005
		]
	]
}