{
	"position": "cam_100",
	"serial": "WMTD303A5006BW",
	"model_points": {
		"LED6": [
			715,
			475,
			12
		],
		"LED7": [
			646,
			528,
			12
		],
		"LED8": [
			576,
			468,
			12
		],
		"LED9": [
			558,
			514,
			12
		]
	},
	"camera_f": [
		714.938,
		714.938
	],
	"camera_c": [
		676.234,
		495.192
	],
	"camera_k": [
		0.074468,
		-0.024896,
		0.005643,
		-0.000568
	],
	"rvecs": [
		0.07516598669933063,
		2.690126467594229,
		-1.3725695318700781
	],
	"tvecs": [
		-0.0106094396199478,
		-0.015330940819893727,
		0.30156600191104854
	],
	"blobs": [
		{
			"idx": 6,
			"cx": 0.04011533533428248,
			"cy": -0.04111514231593,
			"area": 0.0
		},
		{
			"idx": 7,
			"cx": -0.021258669999921855,
			"cy": 0.014638509793358059,
			"area": 0.0
		},
		{
			"idx": 8,
			"cx": -0.0951801949344335,
			"cy": -0.03735481064337337,
			"area": 0.0
		},
		{
			"idx": 9,
			"cx": -0.12991630159617132,
			"cy": 0.010154504293221022,
			"area": 0.0
		}
	],
	"undistort_blobs": [
		[
			0.0565085704361121,
			-0.0338346516589013
		],
		[
			-0.04035312660936984,
			0.04198601958935309
		],
		[
			-0.13690902580637204,
			-0.03577849716770106
		],
		[
			-0.1662861722045351,
			0.025989126419456783
		]
	],
	"distorted_2d": [
		[
			716.5888330950103,
			471.02944005581475
		],
		[
			647.4093093789668,
			525.1830843783474
		],
		[
			578.8559812051051,
			469.7441586387087
		],
		[
			558.2119185360006,
			513.6378560491878
		]
	]
}