{
	"position": "cam_002",
	"serial": "WMTD306A400RBB",
	"model_points": {
		"LED9": [
			683,
			497,
			12
		],
		"LED10": [
			633,
			456,
			12
		],
		"LED11": [
			593,
			493,
			12
		],
		"LED12": [
			560,
			456,
			12
		]
	},
	"camera_f": [
		716.571,
		716.571
	],
	"camera_c": [
		651.012,
		496.356
	],
	"camera_k": [
		0.070881,
		-0.024718,
		0.006349,
		-0.000814
	],
	"rvecs": [
		0.8132870282076777,
		1.6001598067063862,
		-0.8289822076141159
	],
	"tvecs": [
		-0.03279456263515945,
		-0.02107460506241319,
		0.3084552101274462
	],
	"blobs": [
		{
			"idx": 9,
			"cx": 0.03569200262168501,
			"cy": -0.008105768373928263,
			"area": 0.0
		},
		{
			"idx": 10,
			"cx": -0.019704768936691545,
			"cy": -0.06069884793570622,
			"area": 0.0
		},
		{
			"idx": 11,
			"cx": -0.07460140569695366,
			"cy": -0.016153901653239156,
			"area": 0.0
		},
		{
			"idx": 12,
			"cx": -0.11961104300563474,
			"cy": -0.05935876411163323,
			"area": 0.0
		}
	],
	"undistort_blobs": [
		[
			0.04415129435483666,
			-0.0004232436047936638
		],
		[
			-0.022011360303829563,
			-0.06059275517280025
		],
		[
			-0.0832414528077295,
			-0.009383849555749254
		],
		[
			-0.12779036445703665,
			-0.05814426596287555
		]
	],
	"distorted_2d": [
		[
			682.6333621894794,
			496.05287096341954
		],
		[
			635.2564731574222,
			452.9842697928168
		],
		[
			591.4731361374678,
			489.64415485120463
		],
		[
			559.9111544895231,
			454.9053647090672
		]
	]
}