{
	"position": "cam_011",
	"serial": "WMTD306L500Z8H",
	"model_points": {
		"LED14": [
			588,
			460,
			12
		],
		"LED13": [
			620,
			467,
			12
		],
		"LED12": [
			634,
			439,
			12
		],
		"LED11": [
			678,
			476,
			12
		]
	},
	"camera_f": [
		717.214,
		717.214
	],
	"camera_c": [
		642.858,
		474.687
	],
	"camera_k": [
		0.072943,
		-0.025317,
		0.006315,
		-0.000784
	],
	"rvecs": [
		0.8792223994214451,
		0.5715439421591766,
		-0.40490569191713166
	],
	"tvecs": [
		-0.03099993849812778,
		-0.01263776732078353,
		0.30502016173693447
	],
	"blobs": [
		{
			"idx": 14,
			"cx": -0.08098462762393337,
			"cy": -0.0252762205102797,
			"area": 0.0
		},
		{
			"idx": 13,
			"cx": -0.03336279504125903,
			"cy": -0.016353958655298047,
			"area": 0.0
		},
		{
			"idx": 12,
			"cx": -0.01205753493593352,
			"cy": -0.056613009725492436,
			"area": 0.0
		},
		{
			"idx": 11,
			"cx": 0.044348893771799715,
			"cy": -0.004784443090467865,
			"area": 0.0
		}
	],
	"undistort_blobs": [
		[
			-0.07791908199827546,
			-0.017639407042480387
		],
		[
			-0.03285016650524284,
			-0.010164201640376897
		],
		[
			-0.011107855027337613,
			-0.04909658178340663
		],
		[
			0.046037466972507955,
			-0.0013521154371999358
		]
	],
	"distorted_2d": [
		[
			587.0659897750537,
			462.0567436771928
		],
		[
			619.3046515698452,
			467.3993357894719
		],
		[
			634.8965420374699,
			439.49745431269037
		],
		[
			675.8584927301522,
			473.7177790895123
		]
	]
}