{
	"position": "cam_101",
	"serial": "WMTD305L6003D6",
	"model_points": {
		"LED0": [
			686,
			480,
			12
		],
		"LED1": [
			655,
			487,
			12
		],
		"LED2": [
			622,
			457,
			12
		],
		"LED3": [
			588,
			492,
			12
		]
	},
	"camera_f": [
		716.896,
		716.896
	],
	"camera_c": [
		668.902,
		460.618
	],
	"camera_k": [
		0.07542,
		-0.026874,
		0.006662,
		-0.000775
	],
	"rvecs": [
		0.7345708425745985,
		-0.9831827010104293,
		0.679592876157548
	],
	"tvecs": [
		0.006157858995796196,
		0.0013673069845312655,
		0.30306960550807016
	],
	"blobs": [
		{
			"idx": 0,
			"cx": 0.011058544448744892,
			"cy": 0.03230332749445198,
			"area": 0.0
		},
		{
			"idx": 1,
			"cx": -0.03560923636325645,
			"cy": 0.0419445433958793,
			"area": 0.0
		},
		{
			"idx": 2,
			"cx": -0.07673131875469615,
			"cy": 0.004400792857522268,
			"area": 0.0
		},
		{
			"idx": 3,
			"cx": -0.1231234361221157,
			"cy": 0.053699600800203424,
			"area": 0.0
		}
	],
	"undistort_blobs": [
		[
			0.025038979888495363,
			0.024339548704040308
		],
		[
			-0.01892077132346919,
			0.03269779909620395
		],
		[
			-0.06350084199060473,
			-0.008062781501374107
		],
		[
			-0.11518916724523225,
			0.041662389281114515
		]
	],
	"distorted_2d": [
		[
			686.8467019244596,
			478.0614401247532
		],
		[
			655.3427647274149,
			484.05029793656536
		],
		[
			623.4265334214807,
			454.8439230082352
		],
		[
			586.6410998877365,
			490.37067314673516
		]
	]
}