{
	"position": "cam_001",
	"serial": "WMTD306N100YUC",
	"model_points": {
		"LED3": [
			702,
			493,
			12
		],
		"LED4": [
			655,
			453,
			12
		],
		"LED5": [
			585,
			501,
			12
		],
		"LED6": [
			536,
			453,
			12
		]
	},
	"camera_f": [
		713.624,
		713.624
	],
	"camera_c": [
		645.13,
		462.774
	],
	"camera_k": [
		0.069461,
		-0.023398,
		0.005656,
		-0.000683
	],
	"rvecs": [
		0.6188310541212085,
		-1.9086860348488435,
		1.0476245181643329
	],
	"tvecs": [
		0.017102460314339624,
		-0.00704493770824195,
		0.29952298944920497
	],
	"blobs": [
		{
			"idx": 3,
			"cx": 0.0622895804755227,
			"cy": 0.035801247221383566,
			"area": 0.0
		},
		{
			"idx": 4,
			"cx": 0.010205012385645883,
			"cy": -0.010566823464038512,
			"area": 0.0
		},
		{
			"idx": 5,
			"cx": -0.0704639323418404,
			"cy": 0.04551057136466309,
			"area": 0.0
		},
		{
			"idx": 6,
			"cx": -0.12854985496315532,
			"cy": -0.010415521392487878,
			"area": 0.0
		}
	],
	"undistort_blobs": [
		[
			0.08006342255019065,
			0.0391723092010318
		],
		[
			0.014498115403074002,
			-0.01733873425498918
		],
		[
			-0.08403859402248783,
			0.05069990421407819
		],
		[
			-0.15219895270169045,
			-0.018025016713950306
		]
	],
	"distorted_2d": [
		[
			702.1457890303088,
			490.6698861124872
		],
		[
			655.4748087985439,
			450.4023306009141
		],
		[
			585.3098890366426,
			498.8630604036781
		],
		[
			537.1840062029348,
			449.9898887570685
		]
	]
}