{
	"position": "cam_111",
	"serial": "WMTD304C3009ZF",
	"model_points": {
		"LED6": [
			727,
			478,
			12
		],
		"LED7": [
			667,
			535,
			12
		],
		"LED8": [
			593,
			480,
			12
		],
		"LED9": [
			557,
			526,
			12
		]
	},
	"camera_f": [
		716.969,
		716.969
	],
	"camera_c": [
		644.91,
		490.534
	],
	"camera_k": [
		0.069708,
		-0.023068,
		0.005478,
		-0.000664
	],
	"rvecs": [
		0.28933426427119724,
		2.440932525822702,
		-1.2642692144170544
	],
	"tvecs": [
		-0.01572320795027959,
		-0.010766460150358897,
		0.3024014764373093
	],
	"blobs": [
		{
			"idx": 6,
			"cx": 0.07276746171603626,
			"cy": -0.03535734827753324,
			"area": 0.0
		},
		{
			"idx": 7,
			"cx": 0.0021452401601061814,
			"cy": 0.019300382508065192,
			"area": 0.0
		},
		{
			"idx": 8,
			"cx": -0.06906293122359194,
			"cy": -0.03718780717960891,
			"area": 0.0
		},
		{
			"idx": 9,
			"cx": -0.09463200533574007,
			"cy": 0.00877464269975423,
			"area": 0.0
		}
	],
	"undistort_blobs": [
		[
			0.1148201527971104,
			-0.019192744308718413
		],
		[
			0.029213837233946587,
			0.05679170870397787
		],
		[
			-0.07093717577960723,
			-0.018021179721156234
		],
		[
			-0.12088972817451434,
			0.045609139399449654
		]
	],
	"distorted_2d": [
		[
			726.9399941808884,
			476.82228941952883
		],
		[
			665.8329311955316,
			531.2081847767007
		],
		[
			594.1219119554302,
			477.6315796218798
		],
		[
			558.6146976613375,
			523.0913936951863
		]
	]
}