{
	"position": "cam_003",
	"serial": "WMTD303N1027HX",
	"model_points": {
		"LED14": [
			599,
			459,
			12
		],
		"LED13": [
			630,
			470,
			12
		],
		"LED12": [
			641,
			444,
			12
		],
		"LED11": [
			669,
			479,
			12
		]
	},
	"camera_f": [
		717.277,
		717.277
	],
	"camera_c": [
		647.811,
		485.478
	],
	"camera_k": [
		0.065902,
		-0.015672,
		0.00032,
		0.000556
	],
	"rvecs": [
		0.9611870731731896,
		0.1407065042196255,
		-0.09643163328956306
	],
	"tvecs": [
		-0.0372040845177048,
		-0.0191095592154286,
		0.3045836776563133
	],
	"blobs": [
		{
			"idx": 14,
			"cx": -0.07524448530686643,
			"cy": -0.04177545828516974,
			"area": 0.0
		},
		{
			"idx": 13,
			"cx": -0.03152127809694059,
			"cy": -0.029645530157482006,
			"area": 0.0
		},
		{
			"idx": 12,
			"cx": -0.016625349309510172,
			"cy": -0.06968416353543615,
			"area": 0.0
		},
		{
			"idx": 11,
			"cx": 0.025593186851735828,
			"cy": -0.013778952661255438,
			"area": 0.0
		}
	],
	"undistort_blobs": [
		[
			-0.06581486721252136,
			-0.03323731813799319
		],
		[
			-0.026578730283809415,
			-0.02297664119717738
		],
		[
			-0.013393215731550818,
			-0.059501310366114314
		],
		[
			0.02545601622567998,
			-0.00978845302587447
		]
	],
	"distorted_2d": [
		[
			600.6719768813543,
			461.6722130332132
		],
		[
			628.7529778685492,
			469.00282109692984
		],
		[
			638.2138952496391,
			442.8414652190275
		],
		[
			666.0663840362926,
			478.45836395308845
		]
	]
}