{
	"position": "cam_010",
	"serial": "WMTD3063300B55",
	"model_points": {
		"LED9": [
			690,
			513,
			12
		],
		"LED10": [
			641,
			465,
			12
		],
		"LED11": [
			602,
			504,
			12
		],
		"LED12": [
			586,
			465,
			12
		]
	},
	"camera_f": [
		714.923,
		714.923
	],
	"camera_c": [
		643.992,
		484.276
	],
	"camera_k": [
		0.075142,
		-0.029902,
		0.009263,
		-0.001366
	],
	"rvecs": [
		0.578335187513702,
		1.8762471756843984,
		-1.0789252997934382
	],
	"tvecs": [
		-0.008367595187176115,
		-0.008180317970486092,
		0.30498875691179467
	],
	"blobs": [
		{
			"idx": 9,
			"cx": 0.0515810324126649,
			"cy": 0.024024598699067097,
			"area": 0.0
		},
		{
			"idx": 10,
			"cx": -0.003918961123699395,
			"cy": -0.028373982674867945,
			"area": 0.0
		},
		{
			"idx": 11,
			"cx": -0.05397493084080262,
			"cy": 0.013462697834663815,
			"area": 0.0
		},
		{
			"idx": 12,
			"cx": -0.08381698022290585,
			"cy": -0.02899177248117732,
			"area": 0.0
		}
	],
	"undistort_blobs": [
		[
			0.06522235282107658,
			0.035028649247268596
		],
		[
			-0.003432790758946437,
			-0.030424997332741503
		],
		[
			-0.05848211616135346,
			0.022593283647317233
		],
		[
			-0.08342427473482747,
			-0.029079537303392192
		]
	],
	"distorted_2d": [
		[
			690.5551066955015,
			509.2834194160747
		],
		[
			641.5384127502448,
			462.5297326707434
		],
		[
			602.2241598803735,
			500.4120894765659
		],
		[
			584.4699155662236,
			463.52814597106874
		]
	]
}