{
	"position": "cam_110",
	"serial": "WMTD306N100AXM",
	"model_points": {
		"LED0": [
			678,
			486,
			12
		],
		"LED1": [
			645,
			495,
			12
		],
		"LED2": [
			618,
			467,
			12
		],
		"LED3": [
			589,
			504,
			12
		]
	},
	"camera_f": [
		712.623,
		712.623
	],
	"camera_c": [
		653.448,
		475.572
	],
	"camera_k": [
		0.072867,
		-0.026268,
		0.007135,
		-0.000997
	],
	"rvecs": [
		0.8647871403399334,
		-0.5061384288918895,
		0.32874333140489825
	],
	"tvecs": [
		0.021970903632325192,
		-0.003595468061266373,
		0.3048493754831098
	],
	"blobs": [
		{
			"idx": 0,
			"cx": 0.027884797108091074,
			"cy": 0.011612391497198744,
			"area": 0.0
		},
		{
			"idx": 1,
			"cx": -0.01981529886577518,
			"cy": 0.023837054597759262,
			"area": 0.0
		},
		{
			"idx": 2,
			"cx": -0.05447560571210772,
			"cy": -0.012372114688237618,
			"area": 0.0
		},
		{
			"idx": 3,
			"cx": -0.09196134648207983,
			"cy": 0.03947269838322715,
			"area": 0.0
		}
	],
	"undistort_blobs": [
		[
			0.03372682261890666,
			0.013074896041675891
		],
		[
			-0.013580812357098605,
			0.025229431870919174
		],
		[
			-0.048786959555865116,
			-0.01060530016335083
		],
		[
			-0.0865415954393035,
			0.04070194551047025
		]
	],
	"distorted_2d": [
		[
			677.4743225218047,
			484.88629778565235
		],
		[
			643.7720695748565,
			493.5472301283593
		],
		[
			618.7038409878178,
			468.01932119808674
		],
		[
			591.9228664345304,
			504.5082892051427
		]
	]
}