{"gyro_m":[0.0,-0.63284048,-0.7742822,-1.0,0.0,0.0,0.0,0.7742822,-0.63284048],"acc_b":[0.0869521499,-0.0313450445,-0.02941645],"build_bash":"568eaa2725999b69cdda6f2f1c252427dafe3ebf","TrackedObject":{"JsonVersion":3,"Lensing":{"Model0":[4,0.00225126,-0.00488171,0.00377238,-0.000125422]},"GyroCalibration":[0.01875115,-0.99487953,-0.02274691,0.00482334,0.02047649,-0.99794449,0.99637316,0.01736382,0.01769765,-0.0239684,0.0051186,-0.00331802],"ImuPosition":[0.00734185,-0.004325,-0.026319],"ModelPoints":{"Point0":[-0.00528225,-0.0366059,0.00451083,-0.60690608,0.7558081,-0.24580303,85.0,80.0,0.0],"Point1":[0.00974598,-0.0472809,0.00426303,-0.33721106,0.90002916,-0.27610905,85.0,80.0,0.0],"Point2":[0.029932,-0.051415,0.0039068,0.11029794,0.95578547,-0.27259585,85.0,80.0,0.0],"Point3":[0.0516873,-0.0454725,0.00347272,0.51198002,0.84106703,-0.17459301,85.0,80.0,0.0],"Point4":[0.0696064,-0.0294595,0.00309645,0.83832391,0.54171494,-0.06130199,85.0,80.0,0.0],"Point5":[0.0774698,-0.0129741,0.00295799,0.96997164,0.23539291,-0.06119798,85.0,80.0,0.0],"Point6":[0.0783658,0.00933334,0.00294223,0.98373035,-0.16890506,-0.06120202,85.0,80.0,0.0],"Point7":[0.0717354,0.0261962,0.00305024,0.87571497,-0.48070798,-0.045201,85.0,80.0,0.0],"Point8":[0.053283,0.0445682,0.00343601,0.54200717,-0.82531026,-0.15840205,85.0,80.0,0.0],"Point9":[0.0344388,0.0510703,0.00382741,0.19281007,-0.94275034,-0.2721141,85.0,80.0,0.0],"Point10":[0.0124534,0.0484432,0.00423956,-0.21959387,-0.92057345,-0.32299081,85.0,80.0,0.0],"Point11":[-0.00528225,0.0366059,0.00451083,-0.60690608,-0.7558081,-0.24580303,85.0,80.0,0.0],"Point12":[-0.0172553,-0.0248263,0.0168957,-0.75343206,0.64332705,0.13590601,85.0,80.0,0.0],"Point13":[-0.00733024,-0.0363881,0.0171509,-0.64614031,0.74784636,0.15240907,85.0,80.0,0.0],"Point14":[0.0245455,-0.0508898,0.0179013,0.0102,0.93982314,0.34150905,85.0,80.0,0.0],"Point15":[0.0445366,-0.0472811,0.0184052,0.36838884,0.84657463,0.38418883,85.0,80.0,0.0],"Point16":[0.0612489,-0.0358151,0.0188228,0.65267367,0.62647469,0.42608279,85.0,80.0,0.0],"Point17":[0.073585,-0.0147213,0.0191252,0.84771199,0.251203,0.46720599,85.0,80.0,0.0],"Point18":[0.0714617,0.0204929,0.0190769,0.81854471,-0.35281887,0.45332484,85.0,80.0,0.0],"Point19":[0.0545824,0.0416286,0.0186546,0.54000294,-0.73370392,0.41240196,85.0,80.0,0.0],"Point20":[0.0342966,0.0502636,0.0181346,0.18589307,-0.90366632,0.38578614,85.0,80.0,0.0],"Point21":[0.0123831,0.0487058,0.0175963,-0.22080702,-0.92403008,0.31211003,85.0,80.0,0.0],"Point22":[-0.00732576,0.0363831,0.0171499,-0.64614031,-0.74784636,0.15240907,85.0,80.0,0.0],"Point23":[-0.0172944,0.0247583,0.0168933,-0.80511726,-0.57731219,0.13600304,85.0,80.0,0.0]},"BuildBash":"568eaa2725999b69cdda6f2f1c252427dafe3ebf","LedOnTime":35,"FlsVersion":"1.0.10","AccCalibration":[0.01817801,-0.9966802,-0.02541401,0.0104506,0.02255148,-0.9995636,0.99862424,0.01783981,0.01562896,0.08695215,-0.03134504,-0.02941645]},"gyro_b":[-0.0239684046,0.005118604,-0.0033180178],"acc_m":[0.0,-0.63284048,-0.7742822,-1.0,0.0,0.0,0.0,0.7742822,-0.63284048],"joy_x_range_min":40,"joy_x_range_max":160,"joy_y_range_min":40,"joy_y_range_max":160,"trigger_min_range":40,"trigger_max_range":80,"grip_min_range":40,"grip_max_range":80}
