{
	"gyro_m": [
		0.0,
		-0.63284048,
		-0.7742822,
		-1.0,
		0.0,
		0.0,
		0.0,
		0.7742822,
		-0.63284048
	],
	"acc_b": [
		0.0869521499,
		-0.0313450445,
		-0.02941645
	],
	"build_bash": "568eaa2725999b69cdda6f2f1c252427dafe3ebf",
	"TrackedObject": {
		"JsonVersion": 3,
		"Lensing": {
			"Model0": [
				4,
				0.00225126,
				-0.00488171,
				0.00377238,
				-0.000125422
			]
		},
		"GyroCalibration": [
			0.01875115,
			-0.99487953,
			-0.02274691,
			0.00482334,
			0.02047649,
			-0.99794449,
			0.99637316,
			0.01736382,
			0.01769765,
			-0.0239684,
			0.0051186,
			-0.00331802
		],
		"ImuPosition": [
			0.00734185,
			-0.004325,
			-0.026319
		],
		"ModelPoints": {
			"Point0": [
				-0.00538706,
				-0.03670272,
				0.00437801,
				-0.60688004,
				-0.75584205,
				-0.24576291,
				85.0,
				80.0,
				0.0
			],
			"Point1": [
				0.00970257,
				-0.04742658,
				0.00403234,
				-0.33720495,
				-0.90003042,
				-0.27611241,
				85.0,
				80.0,
				0.0
			],
			"Point2": [
				0.02994988,
				-0.05139695,
				0.00403777,
				0.11035048,
				-0.95576858,
				-0.27263381,
				85.0,
				80.0,
				0.0
			],
			"Point3": [
				0.05154067,
				-0.04528082,
				0.0032369,
				0.51196981,
				-0.84107304,
				-0.17459397,
				85.0,
				80.0,
				0.0
			],
			"Point4": [
				0.0694731,
				-0.02939228,
				0.00290863,
				0.83833736,
				-0.54169635,
				-0.06128241,
				85.0,
				80.0,
				0.0
			],
			"Point5": [
				0.07734684,
				-0.01303514,
				0.00307708,
				0.96998041,
				-0.23536262,
				-0.06117552,
				85.0,
				80.0,
				0.0
			],
			"Point6": [
				0.07828127,
				0.00929419,
				0.0027717,
				0.98373745,
				0.16887833,
				-0.06116157,
				85.0,
				80.0,
				0.0
			],
			"Point7": [
				0.0717596,
				0.02620511,
				0.00299559,
				0.87571599,
				0.48070836,
				-0.04517721,
				85.0,
				80.0,
				0.0
			],
			"Point8": [
				0.05326513,
				0.04464458,
				0.00333004,
				0.54204116,
				0.82528168,
				-0.15843461,
				85.0,
				80.0,
				0.0
			],
			"Point9": [
				0.03440088,
				0.05093862,
				0.0037629,
				0.19284405,
				0.94275266,
				-0.27208197,
				85.0,
				80.0,
				0.0
			],
			"Point10": [
				0.01250172,
				0.04827563,
				0.00409494,
				-0.21963071,
				0.92057199,
				-0.3229699,
				85.0,
				80.0,
				0.0
			],
			"Point11": [
				-0.00526364,
				0.03655949,
				0.00427516,
				-0.60688004,
				0.75584205,
				-0.24576291,
				85.0,
				80.0,
				0.0
			],
			"Point12": [
				-0.0171765,
				-0.02501771,
				0.01713227,
				-0.75344005,
				-0.64331363,
				0.13592523,
				85.0,
				80.0,
				0.0
			],
			"Point13": [
				-0.00734049,
				-0.03627547,
				0.01707953,
				-0.64614776,
				-0.74783871,
				0.152415,
				85.0,
				80.0,
				0.0
			],
			"Point14": [
				0.0246043,
				-0.05086197,
				0.01805158,
				0.01024382,
				-0.93983665,
				0.34147055,
				85.0,
				80.0,
				0.0
			],
			"Point15": [
				0.04452817,
				-0.04733514,
				0.01844099,
				0.36842103,
				-0.8465559,
				0.38419924,
				85.0,
				80.0,
				0.0
			],
			"Point16": [
				0.06129338,
				-0.03579531,
				0.01881552,
				0.65268227,
				-0.62648053,
				0.42606103,
				85.0,
				80.0,
				0.0
			],
			"Point17": [
				0.07367279,
				-0.01469268,
				0.01948674,
				0.84769881,
				-0.25119497,
				0.46723422,
				85.0,
				80.0,
				0.0
			],
			"Point18": [
				0.07167918,
				0.02059629,
				0.01915552,
				0.81854725,
				0.35282319,
				0.45331689,
				85.0,
				80.0,
				0.0
			],
			"Point19": [
				0.05464641,
				0.04177604,
				0.01876967,
				0.5400044,
				0.73368009,
				0.41244245,
				85.0,
				80.0,
				0.0
			],
			"Point20": [
				0.03419431,
				0.05026223,
				0.01837984,
				0.18586076,
				0.90365993,
				0.38581669,
				85.0,
				80.0,
				0.0
			],
			"Point21": [
				0.01251094,
				0.04860665,
				0.01770466,
				-0.22076738,
				0.92403974,
				0.31210946,
				85.0,
				80.0,
				0.0
			],
			"Point22": [
				-0.00731751,
				0.03639945,
				0.0171128,
				-0.64614776,
				0.74783871,
				0.152415,
				85.0,
				80.0,
				0.0
			],
			"Point23": [
				-0.01727847,
				0.02497431,
				0.01699061,
				-0.80510213,
				0.57732451,
				0.13604035,
				85.0,
				80.0,
				0.0
			]
		},
		"BuildBash": "568eaa2725999b69cdda6f2f1c252427dafe3ebf",
		"LedOnTime": 35,
		"FlsVersion": "1.0.10",
		"AccCalibration": [
			0.01817801,
			-0.9966802,
			-0.02541401,
			0.0104506,
			0.02255148,
			-0.9995636,
			0.99862424,
			0.01783981,
			0.01562896,
			0.08695215,
			-0.03134504,
			-0.02941645
		]
	},
	"gyro_b": [
		-0.0239684046,
		0.005118604,
		-0.0033180178
	],
	"acc_m": [
		0.0,
		-0.63284048,
		-0.7742822,
		-1.0,
		0.0,
		0.0,
		0.0,
		0.7742822,
		-0.63284048
	],
	"joy_x_range_min": 40,
	"joy_x_range_max": 160,
	"joy_y_range_min": 40,
	"joy_y_range_max": 160,
	"trigger_min_range": 40,
	"trigger_max_range": 80,
	"grip_min_range": 40,
	"grip_max_range": 80
}