{"gyro_m":[0.9949483794,-0.0007647625,0.0123553113,0.0033778263,0.0030660349,-0.9966880028,0.0004957734,0.9951074067,-0.0011074127],"acc_b":[-0.2744044432,0.0557308713,-0.1285485366],"build_bash":"568eaa2725999b69cdda6f2f1c252427dafe3ebf","TrackedObject":{"JsonVersion":3,"Lensing":{"Model0":[4,0.00225126,-0.00488171,0.00377238,-0.000125422]},"GyroCalibration":[0.99444065,0.03071368,0.0008997,-0.00790667,-0.00062489,-0.99675302,-0.03097113,0.99463813,-0.00484379,0.02077603,0.0249975,-0.01541896],"ImuPosition":[0.005585638,-0.007119839,0.019845198],"ModelPoints":{"Point12":[-0.03290127,0.00371434,0.00035124,-0.7051038,-0.6950803,0.14032818,85.0,80.0,0.0],"Point11":[-0.04224087,0.02263737,-0.00383666,-0.9435189,-0.10477919,-0.31431419,85.0,80.0,0.0],"Point14":[-0.02000774,-0.00383921,-0.01499134,-0.49720891,-0.70839529,-0.5009585,85.0,80.0,0.0],"Point13":[-0.0300622,0.00380972,-0.01291883,-0.67315478,-0.5810967,-0.45737213,85.0,80.0,0.0],"Point10":[-0.04259493,0.03019004,0.01623177,-0.90904575,-0.17393345,0.37865945,85.0,80.0,0.0],"Point0":[0.02136548,-0.00338303,-0.0139345,0.52706841,-0.71386452,-0.46108171,85.0,80.0,0.0],"Point1":[0.03194169,0.00580261,-0.01218812,0.71941994,-0.53832866,-0.43890456,85.0,80.0,0.0],"Point2":[0.03698487,0.00931802,0.00310584,0.75763735,-0.6234486,0.19312559,85.0,80.0,0.0],"Point3":[0.04281666,0.02697472,-0.00182632,0.95565641,0.00827838,-0.29436762,85.0,80.0,0.0],"Point4":[0.04170981,0.03582083,0.01980459,0.89943476,-0.04857372,0.43434745,85.0,80.0,0.0],"Point5":[0.02988126,0.0613704,0.01645677,0.57938915,0.80424722,-0.13226727,85.0,80.0,0.0],"Point6":[0.01439264,0.0634288,0.03657049,0.32401356,0.5869508,0.74195955,85.0,80.0,0.0],"Point7":[-0.00793564,0.07131403,0.02055073,-0.14082806,0.97575588,-0.16753482,85.0,80.0,0.0],"Point8":[-0.03013235,0.05516566,0.03113905,-0.66436362,0.41503629,0.62158335,85.0,80.0,0.0],"Point9":[-0.03736814,0.05264915,0.01091771,-0.77126662,0.61174447,-0.17583089,85.0,80.0,0.0]},"BuildBash":"568eaa2725999b69cdda6f2f1c252427dafe3ebf","LedOnTime":35,"FlsVersion":"1.0.10","AccCalibration":[1.00264695,0.03118622,-0.00215898,-0.00396573,-0.00470292,-1.00453259,-0.03103095,1.00173547,-0.00783919,-0.27440444,0.05573087,-0.12854854]},"gyro_b":[0.0207760344,0.0249975014,-0.0154189613],"acc_m":[1.0031072443,-0.000470791,0.0094813487,0.0074122649,-0.000982462,-1.0045120976,0.0006806371,1.0022312392,-0.0041690266]}
