{"gyro_m":[-1.0,0.0,0.0,0.0,0.0,-1.0,0.0,-1.0,0.0],"acc_b":[0.0869521499,-0.0313450445,-0.02941645],"build_bash":"568eaa2725999b69cdda6f2f1c252427dafe3ebf","TrackedObject":{"JsonVersion":3,"Lensing":{"Model0":[4,0.00225126,-0.00488171,0.00377238,-0.000125422]},"GyroCalibration":[0.01875115,-0.99487953,-0.02274691,0.00482334,0.02047649,-0.99794449,0.99637316,0.01736382,0.01769765,-0.0239684,0.0051186,-0.00331802],"ImuPosition":[-0.004325,-0.01097106,0.02502455],"ModelPoints":{"Point0":[-0.03659825,-0.00126927,-0.00682659,-0.75584205,-0.62542513,-0.19376841,85.0,80.0,0.0],"Point1":[-0.04726588,0.01035221,0.0028949,-0.90003042,-0.4358269,0.00039198,85.0,80.0,0.0],"Point2":[-0.05142112,0.02561032,0.01592365,-0.95576858,-0.0870913,0.28092976,85.0,80.0,0.0],"Point3":[-0.04548076,0.04227246,0.0300285,-0.84107304,0.28591898,0.45918022,85.0,80.0,0.0],"Point4":[-0.02939473,0.05583032,0.04161223,-0.54169635,0.61032771,0.57798369,85.0,80.0,0.0],"Point5":[-0.01302086,0.06183308,0.0467583,-0.23536262,0.71232422,0.66120998,85.0,80.0,0.0],"Point6":[0.00932719,0.06252877,0.04731097,0.16887833,0.72298488,0.66990519,85.0,80.0,0.0],"Point7":[0.02618499,0.05747285,0.04304116,0.48070836,0.64946134,0.58916843,85.0,80.0,0.0],"Point8":[0.04456614,0.04342249,0.03103851,0.82528168,0.31942899,0.46569869,85.0,80.0,0.0],"Point9":[0.05107713,0.02909069,0.01883748,0.94275266,-0.02286877,0.33270775,85.0,80.0,0.0],"Point10":[0.04844529,0.01231827,0.00458855,0.92057199,-0.37444458,0.11107864,85.0,80.0,0.0],"Point11":[0.03659269,-0.00124806,-0.00684365,0.75584205,-0.62542513,-0.19376841,85.0,80.0,0.0],"Point12":[-0.02483542,-0.002706,-0.02401433,-0.64331363,-0.49735623,-0.58205185,85.0,80.0,0.0],"Point13":[-0.03639242,0.00514447,-0.01791707,-0.74783871,-0.40384633,-0.52692068,85.0,80.0,0.0],"Point14":[-0.05088649,0.0303627,0.00168426,-0.93983665,0.22402799,-0.25791187,85.0,80.0,0.0],"Point15":[-0.04728906,0.04623889,0.01392867,-0.8465559,0.52839868,-0.06432689,85.0,80.0,0.0],"Point16":[-0.03583622,0.05919571,0.02418376,-0.62648053,0.77498893,0.08315228,85.0,80.0,0.0],"Point17":[-0.01469982,0.06907007,0.03173388,-0.25119497,0.95204283,0.17468698,85.0,80.0,0.0],"Point18":[0.0204874,0.06740758,0.03043557,0.35282319,0.92066384,0.16701463,85.0,80.0,0.0],"Point19":[0.04163354,0.05411503,0.02014356,0.73368009,0.67912607,0.02238979,85.0,80.0,0.0],"Point20":[0.05027323,0.03806688,0.00769366,0.90365993,0.38806909,-0.18111078,85.0,80.0,0.0],"Point21":[0.04871779,0.02073664,-0.00577905,0.92403974,0.02657925,-0.38137134,85.0,80.0,0.0],"Point22":[0.03638514,0.00517079,-0.01793819,0.74783871,-0.40384633,-0.52692068,85.0,80.0,0.0],"Point23":[-0.01731415,0.02475032,0.0168966,-0.80510213,0.57732451,0.13604035,85.0,80.0,0.0]},"BuildBash":"568eaa2725999b69cdda6f2f1c252427dafe3ebf","LedOnTime":35,"FlsVersion":"1.0.10","AccCalibration":[0.01817801,-0.9966802,-0.02541401,0.0104506,0.02255148,-0.9995636,0.99862424,0.01783981,0.01562896,0.08695215,-0.03134504,-0.02941645]},"gyro_b":[-0.0239684046,0.005118604,-0.0033180178],"acc_m":[-1.0,0.0,0.0,0.0,0.0,-1.0,0.0,-1.0,0.0],"joy_x_range_min":40,"joy_x_range_max":160,"joy_y_range_min":40,"joy_y_range_max":160,"trigger_min_range":40,"trigger_max_range":80,"grip_min_range":40,"grip_max_range":80}
