{"gyro_m":[0.0011907826,-0.9979472798,-0.0145296731,0.0013293713,0.0159275638,-0.9977254977,0.9930517594,-0.0005305633,-0.0050308413],"acc_b":[-0.0141023947,0.0008069809,-0.4421583586],"build_bash":"568eaa2725999b69cdda6f2f1c252427dafe3ebf","TrackedObject":{"JsonVersion":3,"Lensing":{"Model0":[4,0.00225126,-0.00488171,0.00377238,-0.000125422]},"GyroCalibration":[0.01725754,-0.99750048,-0.02871726,0.00480901,0.03009531,-0.9974301,0.99289175,0.01548571,-0.0010548,0.00479392,-0.0159919,-0.01410316],"ImuPosition":[-0.005584116,-0.007119839,0.01985501],"ModelPoints":{"Point12":[0.03306906,0.00380737,0.00032625,0.7051038,-0.6950803,0.14032818,85.0,80.0,0.0],"Point11":[0.04225173,0.02276431,-0.00383473,0.9435189,-0.10477919,-0.31431419,85.0,80.0,0.0],"Point14":[0.020159,-0.00414085,-0.01474474,0.49720891,-0.70839529,-0.5009585,85.0,80.0,0.0],"Point13":[0.03028986,0.00391422,-0.01307294,0.67315478,-0.5810967,-0.45737213,85.0,80.0,0.0],"Point10":[0.04266232,0.03035844,0.01614327,0.90904575,-0.17393345,0.37865945,85.0,80.0,0.0],"Point0":[-0.02167315,-0.00339783,-0.01384763,-0.52706841,-0.71386452,-0.46108171,85.0,80.0,0.0],"Point1":[-0.03201838,0.00561025,-0.01206249,-0.71941994,-0.53832866,-0.43890456,85.0,80.0,0.0],"Point2":[-0.03697014,0.00934672,0.00293409,-0.75763735,-0.6234486,0.19312559,85.0,80.0,0.0],"Point3":[-0.04284313,0.02715088,-0.00180301,-0.95565641,0.00827838,-0.29436762,85.0,80.0,0.0],"Point4":[-0.04158529,0.03610919,0.01993268,-0.89943476,-0.04857372,0.43434745,85.0,80.0,0.0],"Point5":[-0.02926049,0.0618534,0.01628219,-0.57938915,0.80424722,-0.13226727,85.0,80.0,0.0],"Point6":[-0.01443623,0.06295211,0.03654028,-0.32401356,0.5869508,0.74195955,85.0,80.0,0.0],"Point7":[0.0075212,0.07093479,0.02069143,0.14082806,0.97575588,-0.16753482,85.0,80.0,0.0],"Point8":[0.02990266,0.05496404,0.03098818,0.66436362,0.41503629,0.62158335,85.0,80.0,0.0],"Point9":[0.0370817,0.05274643,0.01095959,0.77126662,0.61174447,-0.17583089,85.0,80.0,0.0]},"BuildBash":"568eaa2725999b69cdda6f2f1c252427dafe3ebf","LedOnTime":35,"FlsVersion":"1.0.10","AccCalibration":[0.01617435,-1.00118822,-0.02830186,0.00029061,0.02817968,-1.00250954,1.00116511,0.01638828,-0.00023796,-0.01410239,0.00080698,-0.44215836]},"gyro_b":[0.0047939232,-0.0159918956,-0.0141031578],"acc_m":[3.87367e-05,-1.0016215057,-0.0140553921,-0.003234878,0.0139566027,-1.0028015862,1.0012905744,0.0003055432,-0.0042252876]}
