{"gyro_m":[0.9960067857,-0.0078635442,0.0022335258,-0.0052390528,0.0014219291,-0.9960270544,0.0072121996,0.9922610281,-0.0022906216],"acc_b":[-0.1847945575,-0.6760587512,0.0809302377],"build_bash":"568eaa2725999b69cdda6f2f1c252427dafe3ebf","TrackedObject":{"JsonVersion":3,"Lensing":{"Model0":[4,0.00225126,-0.00488171,0.00377238,-0.000125422]},"GyroCalibration":[0.99572125,0.02297613,-0.00180259,-0.00933039,0.00671191,-0.99602591,-0.0236878,0.99200446,0.00304425,0.24021272,0.11867775,-0.00450013],"ImuPosition":[0.005585638,-0.007119839,0.019845198],"ModelPoints":{"Point12":[-0.03299069,0.00366661,0.00041477,-0.7051038,-0.6950803,0.14032818,85.0,80.0,0.0],"Point11":[-0.04231997,0.02278019,-0.00379373,-0.9435189,-0.10477919,-0.31431419,85.0,80.0,0.0],"Point14":[-0.02008658,-0.00391139,-0.01488362,-0.49720891,-0.70839529,-0.5009585,85.0,80.0,0.0],"Point13":[-0.03015073,0.00384203,-0.01293364,-0.67315478,-0.5810967,-0.45737213,85.0,80.0,0.0],"Point10":[-0.04276714,0.03014933,0.01624303,-0.90904575,-0.17393345,0.37865945,85.0,80.0,0.0],"Point0":[0.02157939,-0.00317375,-0.01408719,0.52706841,-0.71386452,-0.46108171,85.0,80.0,0.0],"Point1":[0.03201193,0.00573596,-0.01205159,0.71941994,-0.53832866,-0.43890456,85.0,80.0,0.0],"Point2":[0.03710598,0.00931646,0.00300296,0.75763735,-0.6234486,0.19312559,85.0,80.0,0.0],"Point3":[0.04281938,0.02696581,-0.00181747,0.95565641,0.00827838,-0.29436762,85.0,80.0,0.0],"Point4":[0.0417978,0.035768,0.01995002,0.89943476,-0.04857372,0.43434745,85.0,80.0,0.0],"Point5":[0.02980453,0.06146441,0.01634117,0.57938915,0.80424722,-0.13226727,85.0,80.0,0.0],"Point6":[0.01421409,0.06335167,0.03653155,0.32401356,0.5869508,0.74195955,85.0,80.0,0.0],"Point7":[-0.00769287,0.07118517,0.02057653,-0.14082806,0.97575588,-0.16753482,85.0,80.0,0.0],"Point8":[-0.03005586,0.05517061,0.03101068,-0.66436362,0.41503629,0.62158335,85.0,80.0,0.0],"Point9":[-0.03741999,0.05266236,0.01092897,-0.77126662,0.61174447,-0.17583089,85.0,80.0,0.0]},"BuildBash":"568eaa2725999b69cdda6f2f1c252427dafe3ebf","LedOnTime":35,"FlsVersion":"1.0.10","AccCalibration":[1.00234414,0.02347541,-0.00461302,-0.00650281,0.00344378,-1.00224602,-0.02344706,1.0018351,0.00016326,-0.18479456,-0.67605875,0.08093024]},"gyro_b":[0.2402127162,0.1186777471,-0.0045001302],"acc_m":[1.0026072273,-0.007656191,-0.0004602899,-0.0023864807,-0.0018974646,-1.0022425841,0.0076735826,1.0020849824,-0.0052904582]}
