{"gyro_m":[-1.0,0.0,0.0,0.0,0.0,-1.0,0.0,-1.0,0.0],"acc_b":[-0.00653076,-0.00306702,0.00103760],"build_bash":"568eaa2725999b69cdda6f2f1c252427dafe3ebf","TrackedObject":{"JsonVersion":3,"Lensing":{"Model0":[4,0.00225126,-0.00488171,0.00377238,-0.000125422]},"GyroCalibration":[0.01875115,-0.99487953,-0.02274691,0.00482334,0.02047649,-0.99794449,0.99637316,0.01736382,0.01769765,-0.0239684,0.0051186,-0.00331802],"ImuPosition":[-0.004325,-0.01097106,0.02502455],"ModelPoints":{"Point0":[0.03665592,-0.00125155,-0.00684337,0.7558081,-0.62547068,-0.19375382,85.0,80.0,0.0],"Point1":[0.04735335,0.01032381,0.0029776,0.90002916,-0.43582951,0.00038552,85.0,80.0,0.0],"Point2":[0.05135677,0.02563437,0.01592222,0.95578547,-0.08710796,0.28086712,85.0,80.0,0.0],"Point3":[0.04554052,0.04224496,0.03005068,0.84106703,0.28592749,0.45918594,85.0,80.0,0.0],"Point4":[0.0294462,0.05589536,0.0416859,0.54171494,0.61030491,0.57799035,85.0,80.0,0.0],"Point5":[0.01305547,0.06160826,0.04710862,0.23539291,0.71230322,0.66122182,85.0,80.0,0.0],"Point6":[-0.00963751,0.06275795,0.04723196,-0.16890506,0.72295379,0.66993202,85.0,80.0,0.0],"Point7":[-0.02641001,0.05759503,0.04301655,-0.48070798,0.64944549,0.58918621,85.0,80.0,0.0],"Point8":[-0.0445685,0.04321288,0.03108085,-0.82531026,0.31942328,0.46565196,85.0,80.0,0.0],"Point9":[-0.05088316,0.02876173,0.01927692,-0.94275034,-0.02291541,0.33271112,85.0,80.0,0.0],"Point10":[-0.04854797,0.01222532,0.00488332,-0.92057345,-0.37442928,0.11111815,85.0,80.0,0.0],"Point11":[-0.03671202,-0.00115844,-0.00705506,-0.7558081,-0.62547068,-0.19375382,85.0,80.0,0.0],"Point12":[0.02492984,-0.00269542,-0.02399661,0.64332705,-0.49736221,-0.58203191,85.0,80.0,0.0],"Point13":[0.03614692,0.00515643,-0.01814578,0.74784636,-0.40384431,-0.52691137,85.0,80.0,0.0],"Point14":[0.05077714,0.03011782,0.00180218,0.93982314,0.22401843,-0.25796941,85.0,80.0,0.0],"Point15":[0.04714564,0.04621462,0.01368103,0.84657463,0.52836717,-0.06433921,85.0,80.0,0.0],"Point16":[0.03595401,0.05937019,0.02432206,0.62647469,0.77499604,0.08312999,85.0,80.0,0.0],"Point17":[0.01489609,0.06937471,0.03183899,0.251203,0.95203517,0.17471718,85.0,80.0,0.0],"Point18":[-0.02044542,0.06757912,0.03015545,-0.35281887,0.92066691,0.16700687,85.0,80.0,0.0],"Point19":[-0.04122241,0.05385566,0.01976233,-0.73370392,0.67909932,0.02242022,85.0,80.0,0.0],"Point20":[-0.05003679,0.03788971,0.00758358,-0.90366632,0.38807478,-0.18106668,85.0,80.0,0.0],"Point21":[-0.03644273,0.00535444,-0.01802335,-0.74784636,-0.40384431,-0.52691137,85.0,80.0,0.0],"Point22":[-0.02485884,-0.00259971,-0.02391397,-0.57731219,-0.53731974,-0.61481553,85.0,80.0,0.0]},"BuildBash":"568eaa2725999b69cdda6f2f1c252427dafe3ebf","LedOnTime":35,"FlsVersion":"1.0.10","AccCalibration":[0.01817801,-0.9966802,-0.02541401,0.0104506,0.02255148,-0.9995636,0.99862424,0.01783981,0.01562896,0.08695215,-0.03134504,-0.02941645]},"gyro_b":[0.04482270,-0.00667572,0.05531311],"acc_m":[-1.0,0.0,0.0,0.0,0.0,-1.0,0.0,-1.0,0.0],"joy_x_range_min":40,"joy_x_range_max":160,"joy_y_range_min":40,"joy_y_range_max":160,"trigger_min_range":40,"trigger_max_range":80,"grip_min_range":40,"grip_max_range":80}