{
	"gyro_m": [
		-1.0,
		0.0,
		0.0,
		0.0,
		0.0,
		-1.0,
		0.0,
		-1.0,
		0.0
	],
	"acc_b": [
		0.0869521499,
		-0.0313450445,
		-0.02941645
	],
	"build_bash": "568eaa2725999b69cdda6f2f1c252427dafe3ebf",
	"TrackedObject": {
		"JsonVersion": 3,
		"Lensing": {
			"Model0": [
				4,
				0.00225126,
				-0.00488171,
				0.00377238,
				-0.000125422
			]
		},
		"GyroCalibration": [
			0.01875115,
			-0.99487953,
			-0.02274691,
			0.00482334,
			0.02047649,
			-0.99794449,
			0.99637316,
			0.01736382,
			0.01769765,
			-0.0239684,
			0.0051186,
			-0.00331802
		],
		"ImuPosition": [
			-0.004325,
			-0.01097106,
			0.02502455
		],
		"ModelPoints": {
			"Point0": [
				-0.00529981,
				0.03665592,
				0.00450667,
				0.7558081,
				-0.62547068,
				-0.19375382,
				85.0,
				80.0,
				0.0
			],
			"Point1": [
				0.00987789,
				0.04735335,
				0.00422782,
				0.90002916,
				-0.43582951,
				0.00038552,
				85.0,
				80.0,
				0.0
			],
			"Point2": [
				0.02992446,
				0.05135677,
				0.00389418,
				0.95578547,
				-0.08710796,
				0.28086712,
				85.0,
				80.0,
				0.0
			],
			"Point3": [
				0.05172681,
				0.04554052,
				0.00346661,
				0.84106703,
				0.28592749,
				0.45918594,
				85.0,
				80.0,
				0.0
			],
			"Point4": [
				0.06965931,
				0.0294462,
				0.0030962,
				0.54171494,
				0.61030491,
				0.57799035,
				85.0,
				80.0,
				0.0
			],
			"Point5": [
				0.07751442,
				0.01305547,
				0.00251284,
				0.23539291,
				0.71230322,
				0.66122182,
				85.0,
				80.0,
				0.0
			],
			"Point6": [
				0.07848266,
				-0.00963751,
				0.00314491,
				-0.16890506,
				0.72295379,
				0.66993202,
				85.0,
				80.0,
				0.0
			],
			"Point7": [
				0.07181742,
				-0.02641001,
				0.00314152,
				-0.48070798,
				0.64944549,
				0.58918621,
				85.0,
				80.0,
				0.0
			],
			"Point8": [
				0.05312819,
				-0.0445685,
				0.00328151,
				-0.82531026,
				0.31942328,
				0.46565196,
				85.0,
				80.0,
				0.0
			],
			"Point9": [
				0.03446891,
				-0.05088316,
				0.00327581,
				-0.94275034,
				-0.02291541,
				0.33271112,
				85.0,
				80.0,
				0.0
			],
			"Point10": [
				0.01255621,
				-0.04854797,
				0.00395561,
				-0.92057345,
				-0.37442928,
				0.11111815,
				85.0,
				80.0,
				0.0
			],
			"Point11": [
				-0.00536169,
				-0.03671202,
				0.0047295,
				-0.7558081,
				-0.62547068,
				-0.19375382,
				85.0,
				80.0,
				0.0
			],
			"Point12": [
				-0.01727304,
				0.02492984,
				0.01687438,
				0.64332705,
				-0.49736221,
				-0.58203191,
				85.0,
				80.0,
				0.0
			],
			"Point13": [
				-0.00749085,
				0.03614692,
				0.01731315,
				0.74784636,
				-0.40384431,
				-0.52691137,
				85.0,
				80.0,
				0.0
			],
			"Point14": [
				0.02446019,
				0.05077714,
				0.01766438,
				0.93982314,
				0.22401843,
				-0.25796941,
				85.0,
				80.0,
				0.0
			],
			"Point15": [
				0.04444107,
				0.04714564,
				0.0186535,
				0.84657463,
				0.52836717,
				-0.06433921,
				85.0,
				80.0,
				0.0
			],
			"Point16": [
				0.06136127,
				0.03595401,
				0.01873972,
				0.62647469,
				0.77499604,
				0.08312999,
				85.0,
				80.0,
				0.0
			],
			"Point17": [
				0.0738646,
				0.01489609,
				0.01925076,
				0.251203,
				0.95203517,
				0.17471718,
				85.0,
				80.0,
				0.0
			],
			"Point18": [
				0.0714089,
				-0.02044542,
				0.01941797,
				-0.35281887,
				0.92066691,
				0.16700687,
				85.0,
				80.0,
				0.0
			],
			"Point19": [
				0.05420588,
				-0.04122241,
				0.01878042,
				-0.73370392,
				0.67909932,
				0.02242022,
				85.0,
				80.0,
				0.0
			],
			"Point20": [
				0.03413652,
				-0.05003679,
				0.01810631,
				-0.90366632,
				0.38807478,
				-0.18106668,
				85.0,
				80.0,
				0.0
			],
			"Point21": [
				0.01238486,
				-0.04881236,
				0.01777241,
				-0.92403008,
				0.02654891,
				-0.38139686,
				85.0,
				80.0,
				0.0
			],
			"Point22": [
				-0.00726006,
				-0.03644273,
				0.01734367,
				-0.74784636,
				-0.40384431,
				-0.52691137,
				85.0,
				80.0,
				0.0
			],
			"Point23": [
				-0.01714664,
				-0.02485884,
				0.01687096,
				-0.80511726,
				-0.57731219,
				0.13600304,
				85.0,
				80.0,
				0.0
			]
		},
		"BuildBash": "568eaa2725999b69cdda6f2f1c252427dafe3ebf",
		"LedOnTime": 35,
		"FlsVersion": "1.0.10",
		"AccCalibration": [
			0.01817801,
			-0.9966802,
			-0.02541401,
			0.0104506,
			0.02255148,
			-0.9995636,
			0.99862424,
			0.01783981,
			0.01562896,
			0.08695215,
			-0.03134504,
			-0.02941645
		]
	},
	"gyro_b": [
		-0.0239684046,
		0.005118604,
		-0.0033180178
	],
	"acc_m": [
		-1.0,
		0.0,
		0.0,
		0.0,
		0.0,
		-1.0,
		0.0,
		-1.0,
		0.0
	],
	"joy_x_range_min": 40,
	"joy_x_range_max": 160,
	"joy_y_range_min": 40,
	"joy_y_range_max": 160,
	"trigger_min_range": 40,
	"trigger_max_range": 80,
	"grip_min_range": 40,
	"grip_max_range": 80
}