{"gyro_m":[-1.0,0.0,0.0,0.0,0.0,-1.0,0.0,-1.0,0.0],"acc_b":[-0.00192261,-0.00434876,0.00236511],"build_bash":"568eaa2725999b69cdda6f2f1c252427dafe3ebf","TrackedObject":{"JsonVersion":3,"Lensing":{"Model0":[4,0.00225126,-0.00488171,0.00377238,-0.000125422]},"GyroCalibration":[0.01875115,-0.99487953,-0.02274691,0.00482334,0.02047649,-0.99794449,0.99637316,0.01736382,0.01769765,-0.0239684,0.0051186,-0.00331802],"ImuPosition":[-0.004325,-0.01097106,0.02502455],"ModelPoints":{"Point0":[-0.03670253,-0.00136743,-0.00683186,-0.75584205,-0.62542513,-0.19376841,85.0,80.0,0.0],"Point1":[-0.04727607,0.01015054,0.00304395,-0.90003042,-0.4358269,0.00039198,85.0,80.0,0.0],"Point2":[0.02993561,-0.05133603,0.00403334,0.11035048,-0.95576858,-0.27263381,85.0,80.0,0.0],"Point3":[-0.05133603,0.02573107,0.01582152,-0.95576858,-0.0870913,0.28092976,85.0,80.0,0.0],"Point4":[-0.02946931,0.0556688,0.04175622,-0.54169635,0.61032771,0.57798369,85.0,80.0,0.0],"Point5":[-0.01309678,0.06193449,0.0466701,-0.23536262,0.71232422,0.66120998,85.0,80.0,0.0],"Point6":[0.00930992,0.0623894,0.0474525,0.16887833,0.72298488,0.66990519,85.0,80.0,0.0],"Point7":[0.02620113,0.05744795,0.04307233,0.48070836,0.64946134,0.58916843,85.0,80.0,0.0],"Point8":[0.0446104,0.04333093,0.03110736,0.82528168,0.31942899,0.46569869,85.0,80.0,0.0],"Point9":[0.05094375,0.02902339,0.0188578,0.94275266,-0.02286877,0.33270775,85.0,80.0,0.0],"Point10":[0.04827114,0.01225686,0.00472355,0.92057199,-0.37444458,0.11107864,85.0,80.0,0.0],"Point11":[0.03652419,-0.00134508,-0.00666003,0.75584205,-0.62542513,-0.19376841,85.0,80.0,0.0],"Point12":[-0.02510102,-0.00254808,-0.02415428,-0.64331363,-0.49735623,-0.58205185,85.0,80.0,0.0],"Point13":[-0.03632259,0.00511761,-0.01786462,-0.74783871,-0.40384633,-0.52692068,85.0,80.0,0.0],"Point14":[-0.05074652,0.03046963,0.00159084,-0.93983665,0.22402799,-0.25791187,85.0,80.0,0.0],"Point15":[-0.04730652,0.04610049,0.01385638,-0.8465559,0.52839868,-0.06432689,85.0,80.0,0.0],"Point16":[-0.03579857,0.05931999,0.02416381,-0.62648053,0.77498893,0.08315228,85.0,80.0,0.0],"Point17":[-0.01468638,0.06936861,0.03150711,-0.25119497,0.95204283,0.17468698,85.0,80.0,0.0],"Point18":[0.02063129,0.06767503,0.03060774,0.35282319,0.92066384,0.16701463,85.0,80.0,0.0],"Point19":[0.04178583,0.05421194,0.02005855,0.73368009,0.67912607,0.02238979,85.0,80.0,0.0],"Point20":[0.05023091,0.03809911,0.00740663,0.90365993,0.38806909,-0.18111078,85.0,80.0,0.0],"Point21":[0.03636108,0.00516153,-0.01790085,0.74783871,-0.40384633,-0.52692068,85.0,80.0,0.0],"Point22":[0.02493721,-0.00263817,-0.02406681,0.57732451,-0.53728441,-0.61483484,85.0,80.0,0.0]},"BuildBash":"568eaa2725999b69cdda6f2f1c252427dafe3ebf","LedOnTime":35,"FlsVersion":"1.0.10","AccCalibration":[0.01817801,-0.9966802,-0.02541401,0.0104506,0.02255148,-0.9995636,0.99862424,0.01783981,0.01562896,0.08695215,-0.03134504,-0.02941645]},"gyro_b":[0.12302399,-0.01621246,0.06008148],"acc_m":[-1.0,0.0,0.0,0.0,0.0,-1.0,0.0,-1.0,0.0],"joy_x_range_min":40,"joy_x_range_max":160,"joy_y_range_min":40,"joy_y_range_max":160,"trigger_min_range":40,"trigger_max_range":80,"grip_min_range":40,"grip_max_range":80}