{"gyro_m":[-1.0,0.0,0.0,0.0,0.0,-1.0,0.0,-1.0,0.0],"acc_b":[0.0869521499,-0.0313450445,-0.02941645],"build_bash":"568eaa2725999b69cdda6f2f1c252427dafe3ebf","TrackedObject":{"JsonVersion":3,"Lensing":{"Model0":[4,0.00225126,-0.00488171,0.00377238,-0.000125422]},"GyroCalibration":[0.01875115,-0.99487953,-0.02274691,0.00482334,0.02047649,-0.99794449,0.99637316,0.01736382,0.01769765,-0.0239684,0.0051186,-0.00331802],"ImuPosition":[-0.004325,-0.01097106,0.02502455],"ModelPoints":{"Point0":[0.03660469,-0.00124374,-0.00682998,0.7558081,-0.62547068,-0.19375382,85.0,80.0,0.0],"Point1":[0.04729385,0.0102175,0.00286452,0.90002916,-0.43582951,0.00038552,85.0,80.0,0.0],"Point2":[0.05143421,0.02561773,0.01591385,0.95578547,-0.08710796,0.28086712,85.0,80.0,0.0],"Point3":[0.04543556,0.04231862,0.03002781,0.84106703,0.28592749,0.45918594,85.0,80.0,0.0],"Point4":[0.02947183,0.05582969,0.04165385,0.54171494,0.61030491,0.57799035,85.0,80.0,0.0],"Point5":[0.01297863,0.06183112,0.04673228,0.23539291,0.71230322,0.66122182,85.0,80.0,0.0],"Point6":[-0.0093239,0.06250804,0.04729982,-0.16890506,0.72295379,0.66993202,85.0,80.0,0.0],"Point7":[-0.02619332,0.05746363,0.04303032,-0.48070798,0.64944549,0.58918621,85.0,80.0,0.0],"Point8":[-0.04457314,0.04343797,0.03106168,-0.82531026,0.31942328,0.46565196,85.0,80.0,0.0],"Point9":[-0.05108242,0.02910539,0.01883886,-0.94275034,-0.02291541,0.33271112,85.0,80.0,0.0],"Point10":[-0.04845389,0.0123426,0.00460118,-0.92057345,-0.37442928,0.11111815,85.0,80.0,0.0],"Point11":[-0.03660221,-0.00121577,-0.00682982,-0.7558081,-0.62547068,-0.19375382,85.0,80.0,0.0],"Point12":[0.02483452,-0.00268646,-0.02400843,0.64332705,-0.49736221,-0.58203191,85.0,80.0,0.0],"Point13":[0.03639501,0.00515569,-0.01792428,0.74784636,-0.40384431,-0.52691137,85.0,80.0,0.0],"Point14":[0.05089315,0.03029901,0.00166726,0.93982314,0.22401843,-0.25796941,85.0,80.0,0.0],"Point15":[0.04725944,0.04619037,0.01394561,0.84657463,0.52836717,-0.06433921,85.0,80.0,0.0],"Point16":[0.03579491,0.05939974,0.02419499,0.62647469,0.77499604,0.08312999,85.0,80.0,0.0],"Point17":[0.01473483,0.0690423,0.03175875,0.251203,0.95203517,0.17471718,85.0,80.0,0.0],"Point18":[-0.02048726,0.06738577,0.03045489,-0.35281887,0.92066691,0.16700687,85.0,80.0,0.0],"Point19":[-0.0416155,0.05405653,0.02009284,-0.73370392,0.67909932,0.02242022,85.0,80.0,0.0],"Point20":[-0.05026415,0.03803125,0.00766522,-0.90366632,0.38807478,-0.18106668,85.0,80.0,0.0],"Point21":[-0.04870761,0.02073004,-0.00578615,-0.92403008,0.02654891,-0.38139686,85.0,80.0,0.0],"Point22":[-0.0363802,0.00518461,-0.01791678,-0.74784636,-0.40384431,-0.52691137,85.0,80.0,0.0],"Point23":[-0.01729571,-0.02476688,0.01689824,-0.80511726,-0.57731219,0.13600304,85.0,80.0,0.0]},"BuildBash":"568eaa2725999b69cdda6f2f1c252427dafe3ebf","LedOnTime":35,"FlsVersion":"1.0.10","AccCalibration":[0.01817801,-0.9966802,-0.02541401,0.0104506,0.02255148,-0.9995636,0.99862424,0.01783981,0.01562896,0.08695215,-0.03134504,-0.02941645]},"gyro_b":[-0.0239684046,0.005118604,-0.0033180178],"acc_m":[-1.0,0.0,0.0,0.0,0.0,-1.0,0.0,-1.0,0.0],"joy_x_range_min":40,"joy_x_range_max":160,"joy_y_range_min":40,"joy_y_range_max":160,"trigger_min_range":40,"trigger_max_range":80,"grip_min_range":40,"grip_max_range":80}
