{"gyro_m":[-0.0001208654,-0.9964009719,-0.0191735632,0.0076689466,0.0144324806,-0.9927843575,0.9977507568,-0.0011340325,-0.0008574716],"acc_b":[-0.1030441024,-0.0242726452,-0.4421858451],"build_bash":"568eaa2725999b69cdda6f2f1c252427dafe3ebf","TrackedObject":{"JsonVersion":3,"Lensing":{"Model0":[4,0.00225126,-0.00488171,0.00377238,-0.000125422]},"GyroCalibration":[0.00878829,-0.99619142,-0.02854597,0.01354082,0.02387758,-0.99254564,0.99764964,0.00754887,0.00523623,-0.03055924,-0.00964696,-0.00690308],"ImuPosition":[-0.005584116,-0.007119839,0.01985501],"ModelPoints":{"Point12":[0.03300807,0.00371497,0.00026865,0.7051038,-0.6950803,0.14032818,85.0,80.0,0.0],"Point11":[0.04222733,0.0228845,-0.00394005,0.9435189,-0.10477919,-0.31431419,85.0,80.0,0.0],"Point14":[0.02000199,-0.00388647,-0.014973,0.49720891,-0.70839529,-0.5009585,85.0,80.0,0.0],"Point13":[0.03006234,0.00378822,-0.01297127,0.67315478,-0.5810967,-0.45737213,85.0,80.0,0.0],"Point10":[0.04265723,0.03016438,0.01624689,0.90904575,-0.17393345,0.37865945,85.0,80.0,0.0],"Point0":[-0.02146761,-0.00343424,-0.01381839,-0.52706841,-0.71386452,-0.46108171,85.0,80.0,0.0],"Point1":[-0.0318701,0.00568587,-0.01206734,-0.71941994,-0.53832866,-0.43890456,85.0,80.0,0.0],"Point2":[-0.03692925,0.00930785,0.00321071,-0.75763735,-0.6234486,0.19312559,85.0,80.0,0.0],"Point3":[-0.04287211,0.02691347,-0.00194137,-0.95565641,0.00827838,-0.29436762,85.0,80.0,0.0],"Point4":[-0.04170018,0.03609551,0.01989264,-0.89943476,-0.04857372,0.43434745,85.0,80.0,0.0],"Point5":[-0.02923584,0.06186962,0.0161972,-0.57938915,0.80424722,-0.13226727,85.0,80.0,0.0],"Point6":[-0.01456789,0.06295633,0.03659283,-0.32401356,0.5869508,0.74195955,85.0,80.0,0.0],"Point7":[0.00766914,0.07115411,0.0206431,0.14082806,0.97575588,-0.16753482,85.0,80.0,0.0],"Point8":[0.02992447,0.05507271,0.03108736,0.66436362,0.41503629,0.62158335,85.0,80.0,0.0],"Point9":[0.03724313,0.05268665,0.01100446,0.77126662,0.61174447,-0.17583089,85.0,80.0,0.0]},"BuildBash":"568eaa2725999b69cdda6f2f1c252427dafe3ebf","LedOnTime":35,"FlsVersion":"1.0.10","AccCalibration":[0.00822183,-0.99902304,-0.03296887,0.00855493,0.02797152,-1.00427865,0.99888304,0.00818069,0.00659096,-0.1030441,-0.02427265,-0.44218585]},"gyro_b":[-0.0305592441,-0.0096469647,-0.0069030839],"acc_m":[-0.0006508364,-0.9992767485,-0.0234967065,0.0026706599,0.0184956793,-1.0045664435,0.9989497312,-0.0005032415,0.0003889683]}