{
	"TrackedObject": {
		"ModelPoints": {
			"Point0": [
                -0.0538126,
                0.027,
                -0.0239243,
                -0.0572323,
                0.0283889,
                -0.0205514

			],
			"Point1": [
                -0.0430477,
                0.007,
                -0.0148734,
                -0.0457833,
                0.0056111,
                -0.0109253                
			],
			"Point2": [
                -0.035201,
                0.027,
                -0.0101142,
                -0.037438,
                0.0283889,
                -0.0058637
                  
			],
			"Point3": [
                -0.0138844,
                0.007,
                -0.002703,
                -0.0147668,
                0.0056111,
                0.0020185
                
			],
			"Point4": [                
                0.0075635,
                0.027,
                -0.0017962,
                0.0080442,
                0.0283889,
                0.002983                
			],
			"Point5": [
                0.023316,
                0.007,
                -0.0051029,
                0.0247977,
                0.0056111,
                -0.000534                
			],
			"Point6": [
                0.0430499,
                0.027,
                -0.0148748,
                0.0457856,
                0.0283889,
                -0.0109269                
			],
            "Point7": [
                0.0538144,
                0.007,
                -0.0239262,
                0.0572343,
                0.0056111,
                -0.0205534                
			]			
		}
	}
}