{
	"TrackedObject": {
		"ModelPoints": {
			"Point0": [
                -0.063,
                0.02,
                -0.01325,
                -0.063,
                0.02,
                -0.00825

			],
			"Point1": [
                -0.0483031,
                0.005,
                -0.01325,
                -0.0483031,
                0.005,
                -0.00825
           
			],
			"Point2": [
                -0.0197705,
                0.02,
                -0.01325,
                -0.0197705,
                0.02,
                -0.00825
			],
			"Point3": [
                -0.002,
                0.005,
                -0.01325,
                -0.002,
                0.005,
                -0.00825

			],
			"Point4": [                
                0.0192494,
                0.02,
                -0.01325,
                0.0192494,
                0.02,
                -0.00825
                             
			],
			"Point5": [
                0.0477017,
                0.005,
                -0.01325,
                0.0477017,
                0.005,
                -0.00825
                        
			],
			"Point6": [
                0.063,
                0.02,
                -0.01325,
                0.063,
                0.02,
                0.00825
                
                
          
			]		
		}
	}
}