{
	"TrackedObject": {
		"ModelPoints": {
			"Point0": [
                -0.0643356,
                0.02,
                -0.0361478,
                -0.0684639,
                0.0210417,
                -0.0335263
			],
			"Point1": [
                -0.0520041,
                0.005,
                -0.0212905,
                -0.0553412,
                0.00395833,
                -0.0177157
			],
			"Point2": [
                -0.0305399,
                0.02,
                -0.00717671,
                -0.0324996,
                0.0210417,
                -0.00269625
 
			],
			"Point3": [
                -0.0104893,
                0.005,
                -0.00151523,
                -0.0111624,
                0.00395833,
                0.00332852
                
			],
			"Point4": [                
                0.0147165,
                0.02,
                -0.00222432,
                0.0156608,
                0.0210417,
                0.00257392
                             
			],
			"Point5": [
                0.0391359,
                0.005,
                -0.0116061,
                0.0416472,
                0.00395833,
                -0.00740988
			],
			"Point6": [
                0.0520005,
                0.02,
                -0.0212871,
                0.0553373,
                0.0210417,
                -0.0177121
                              
			],
            "Point7": [
                0.0643329,
                0.005,
                -0.0361435,
                0.0684611,
                0.00395833,
                -0.0335218
                             
			]			
		}
	}
}