{
	"TrackedObject": {
		"ModelPoints": {
			"Point0": [
                -0.063,
                0.02,
                -0.02,
                -0.063,
                0.02,
                -0.015
                             

			],
			"Point1": [
                -0.0483031,
                0.005,
                -0.02,
                -0.0483031,
                0.005,
                -0.015
                
              
			],
			"Point2": [
                -0.0187705,
                0.02,
                -0.005,
                -0.0187705,
                0.02,
                0               
               
			],
			"Point3": [
                -0.002,
                0.005,
                -0.005,
                -0.002,
                0.005,
                0
 			],
			"Point4": [                
                0.0182494,
                0.02,
                -0.005,
                0.0182494,
                0.02,
                0
			],
			"Point5": [
                0.0495017,
                0.02,
                -0.02,
                0.0495017,
                0.02,
                -0.015                
			],
			"Point6": [
                0.063,
                0.005,
                -0.02,
                0.063,
                0.005,
                -0.015

			]		
		}
	}
}