{
	"TrackedObject": {
		"ModelPoints": {
			"Point0": [
                -0.063,
                0.04955,
                0,
                -0.063,
                0.04955,
                0

			],
			"Point1": [
                -0.0483031,
                0.03455,
                0,
                -0.0483031,
                0.03455,
                0
                             
			],
			"Point2": [
                -0.0197705,
                0.04955,
                0,
                -0.0197705,
                0.04955,
                0
			],
			"Point3": [
                -0.002,
                0.03455,
                0,
                -0.002,
                0.03455,
                0
                
                
			],
			"Point4": [                
                0.0192494,
                0.04955,
                0,
                0.0192494,
                0.04955,
                0
                             
			],
			"Point5": [
                0.0477017,
                0.03455,
                0,
                0.0477017,
                0.03455,
                0
                        
			],
			"Point6": [
                0.063,
                0.04955,
                0,
                0.063,
                0.04955,
                0
          
			]		
		}
	}
}