{
	"rvec": [
		1.2091998370813173,
		1.2091995127487651,
		-1.2091995127487654
	],
	"tvec": [
		-3.187695085671294e-08,
		-1.7301106325362525e-08,
		0.2000000923871994
	]
}