{
	"position": "cam_010",
	"serial": "WMTD3063300B55",
	"model_points": {
		"LED9": [
			690,
			513,
			12
		],
		"LED10": [
			641,
			465,
			12
		],
		"LED11": [
			602,
			504,
			12
		],
		"LED12": [
			586,
			465,
			12
		]
	},
	"camera_f": [
		714.923,
		714.923
	],
	"camera_c": [
		643.992,
		484.276
	],
	"camera_k": [
		0.075142,
		-0.029902,
		0.009263,
		-0.001366
	],
	"rvecs": [
		0.5779253501016566,
		1.875555894058021,
		-1.0790111780057179
	],
	"tvecs": [
		-0.0083872644776945,
		-0.008150752872208204,
		0.30500117045585146
	],
	"blobs": [
		{
			"idx": 9,
			"cx": 0.0515810324126649,
			"cy": 0.024024598699067097,
			"area": 0.0
		},
		{
			"idx": 10,
			"cx": -0.003918961123699395,
			"cy": -0.028373982674867945,
			"area": 0.0
		},
		{
			"idx": 11,
			"cx": -0.05397493084080262,
			"cy": 0.013462697834663815,
			"area": 0.0
		},
		{
			"idx": 12,
			"cx": -0.08381698022290585,
			"cy": -0.02899177248117732,
			"area": 0.0
		}
	],
	"undistort_blobs": [
		[
			0.06522165136069968,
			0.0350465469598319
		],
		[
			-0.0034180560266737206,
			-0.030414123437642222
		],
		[
			-0.0584969027409097,
			0.022603701058049954
		],
		[
			-0.0834317376650376,
			-0.029072719939538205
		]
	],
	"distorted_2d": [
		[
			690.5545919723297,
			509.29618934026945
		],
		[
			641.5489439196182,
			462.5375005096562
		],
		[
			602.2136230197289,
			500.4195204208194
		],
		[
			584.4646038638923,
			463.5330145962544
		]
	]
}