{
	"position": "cam_000",
	"serial": "WMTD306A400T91",
	"model_points": {
		"LED3": [
			706,
			496,
			12
		],
		"LED4": [
			674,
			455,
			12
		],
		"LED5": [
			605,
			508,
			12
		],
		"LED6": [
			547,
			452,
			12
		]
	},
	"camera_f": [
		716.229,
		716.229
	],
	"camera_c": [
		661.222,
		493.271
	],
	"camera_k": [
		0.075759,
		-0.026343,
		0.006198,
		-0.000643
	],
	"rvecs": [
		0.43247205146160617,
		-2.258182256631507,
		1.2424969121077882
	],
	"tvecs": [
		-0.005900717729647453,
		-0.015990008732749784,
		0.30031464686848847
	],
	"blobs": [
		{
			"idx": 3,
			"cx": 0.05101117797549154,
			"cy": -0.004708731856642257,
			"area": 0.0
		},
		{
			"idx": 4,
			"cx": -0.008982484394761478,
			"cy": -0.05265278379940796,
			"area": 0.0
		},
		{
			"idx": 5,
			"cx": -0.08560684449418868,
			"cy": 0.0009962727549002915,
			"area": 0.0
		},
		{
			"idx": 6,
			"cx": -0.1302445522322414,
			"cy": -0.05471540950656026,
			"area": 0.0
		}
	],
	"undistort_blobs": [
		[
			0.061134345626045854,
			0.004554208905813006
		],
		[
			0.016875863934921437,
			-0.05301947217178975
		],
		[
			-0.07793298928351872,
			0.015541833485464882
		],
		[
			-0.15614906264061473,
			-0.056942114277269265
		]
	],
	"distorted_2d": [
		[
			704.9658665715154,
			496.52970351067955
		],
		[
			673.2993561553384,
			455.327161921186
		],
		[
			605.4947091675391,
			504.38444865219157
		],
		[
			550.1709949693086,
			452.7745736229999
		]
	]
}