{
	"position": "cam_011",
	"serial": "WMTD306L500Z8H",
	"model_points": {
		"LED14": [
			588,
			460,
			12
		],
		"LED13": [
			620,
			467,
			12
		],
		"LED12": [
			634,
			439,
			12
		],
		"LED11": [
			678,
			476,
			12
		]
	},
	"camera_f": [
		717.214,
		717.214
	],
	"camera_c": [
		642.858,
		474.687
	],
	"camera_k": [
		0.072943,
		-0.025317,
		0.006315,
		-0.000784
	],
	"rvecs": [
		0.8705669815886509,
		0.5730135701190643,
		-0.41119088435666484
	],
	"tvecs": [
		-0.030896506817167622,
		-0.012408869883783579,
		0.3049939874674347
	],
	"blobs": [
		{
			"idx": 14,
			"cx": -0.08098462762393337,
			"cy": -0.0252762205102797,
			"area": 0.0
		},
		{
			"idx": 13,
			"cx": -0.03336279504125903,
			"cy": -0.016353958655298047,
			"area": 0.0
		},
		{
			"idx": 12,
			"cx": -0.01205753493593352,
			"cy": -0.056613009725492436,
			"area": 0.0
		},
		{
			"idx": 11,
			"cx": 0.044348893771799715,
			"cy": -0.004784443090467865,
			"area": 0.0
		}
	],
	"undistort_blobs": [
		[
			-0.07790472659062087,
			-0.01764003068641052
		],
		[
			-0.03283833398405743,
			-0.010176260672150876
		],
		[
			-0.011095787812687061,
			-0.049108218934775814
		],
		[
			0.046044957338734864,
			-0.001354121894151778
		]
	],
	"distorted_2d": [
		[
			587.0762365409526,
			462.0562898720967
		],
		[
			619.3131321484993,
			467.3906885347309
		],
		[
			634.9051929174101,
			439.4891214941314
		],
		[
			675.8638559928543,
			473.716341000224
		]
	]
}