{
	"position": "cam_003",
	"serial": "WMTD303N1027HX",
	"model_points": {
		"LED14": [
			599,
			459,
			12
		],
		"LED13": [
			630,
			470,
			12
		],
		"LED12": [
			641,
			444,
			12
		],
		"LED11": [
			669,
			479,
			12
		]
	},
	"camera_f": [
		717.277,
		717.277
	],
	"camera_c": [
		647.811,
		485.478
	],
	"camera_k": [
		0.065902,
		-0.015672,
		0.00032,
		0.000556
	],
	"rvecs": [
		0.9891621176706032,
		0.13748642518483536,
		-0.06965831822139587
	],
	"tvecs": [
		-0.03706031447286609,
		-0.0197472574302026,
		0.30077987269735434
	],
	"blobs": [
		{
			"idx": 14,
			"cx": -0.07524448530686643,
			"cy": -0.04177545828516974,
			"area": 0.0
		},
		{
			"idx": 13,
			"cx": -0.03152127809694059,
			"cy": -0.029645530157482006,
			"area": 0.0
		},
		{
			"idx": 12,
			"cx": -0.016625349309510172,
			"cy": -0.06968416353543615,
			"area": 0.0
		},
		{
			"idx": 11,
			"cx": 0.025593186851735828,
			"cy": -0.013778952661255438,
			"area": 0.0
		}
	],
	"undistort_blobs": [
		[
			-0.06576969773543538,
			-0.03323448746894682
		],
		[
			-0.026563994624754443,
			-0.02297908290627316
		],
		[
			-0.013349758306440224,
			-0.059523707469544336
		],
		[
			0.025507578587087448,
			-0.009840565441672213
		]
	],
	"distorted_2d": [
		[
			600.7042519303296,
			461.6742015589316
		],
		[
			628.7635405159176,
			469.00106733902396
		],
		[
			638.2450391414541,
			442.8254333588117
		],
		[
			666.1033433267103,
			478.4209992355624
		]
	]
}