{
	"position": "cam_110",
	"serial": "WMTD306N100AXM",
	"model_points": {
		"LED0": [
			678,
			486,
			12
		],
		"LED1": [
			645,
			495,
			12
		],
		"LED2": [
			618,
			467,
			12
		],
		"LED3": [
			589,
			504,
			12
		]
	},
	"camera_f": [
		712.623,
		712.623
	],
	"camera_c": [
		653.448,
		475.572
	],
	"camera_k": [
		0.072867,
		-0.026268,
		0.007135,
		-0.000997
	],
	"rvecs": [
		0.8655002332384526,
		-0.5056060477131314,
		0.328148805115979
	],
	"tvecs": [
		0.02198480185200083,
		-0.0036126442283853175,
		0.30482299164264515
	],
	"blobs": [
		{
			"idx": 0,
			"cx": 0.027884797108091074,
			"cy": 0.011612391497198744,
			"area": 0.0
		},
		{
			"idx": 1,
			"cx": -0.01981529886577518,
			"cy": 0.023837054597759262,
			"area": 0.0
		},
		{
			"idx": 2,
			"cx": -0.05447560571210772,
			"cy": -0.012372114688237618,
			"area": 0.0
		},
		{
			"idx": 3,
			"cx": -0.09196134648207983,
			"cy": 0.03947269838322715,
			"area": 0.0
		}
	],
	"undistort_blobs": [
		[
			0.03372168780629357,
			0.013070540940671373
		],
		[
			-0.013583262794306463,
			0.025225275230548877
		],
		[
			-0.048771524944582346,
			-0.010620949896099015
		],
		[
			-0.08654101183200164,
			0.040700330061109014
		]
	],
	"distorted_2d": [
		[
			677.4706674602708,
			484.8831964130396
		],
		[
			643.770323349519,
			493.54426931389156
		],
		[
			618.7148223088961,
			468.00817376309874
		],
		[
			591.9232776307058,
			504.50714247567873
		]
	]
}