{
	"position": "cam_100",
	"serial": "WMTD303A5006BW",
	"model_points": {
		"LED6": [
			715,
			475,
			12
		],
		"LED7": [
			646,
			528,
			12
		],
		"LED8": [
			576,
			468,
			12
		],
		"LED9": [
			558,
			514,
			12
		]
	},
	"camera_f": [
		714.938,
		714.938
	],
	"camera_c": [
		676.234,
		495.192
	],
	"camera_k": [
		0.074468,
		-0.024896,
		0.005643,
		-0.000568
	],
	"rvecs": [
		0.07568981936235925,
		2.6893073591431067,
		-1.3725056946146283
	],
	"tvecs": [
		-0.010666943720686732,
		-0.015316042802590843,
		0.30160322029334324
	],
	"blobs": [
		{
			"idx": 6,
			"cx": 0.04011533533428248,
			"cy": -0.04111514231593,
			"area": 0.0
		},
		{
			"idx": 7,
			"cx": -0.021258669999921855,
			"cy": 0.014638509793358059,
			"area": 0.0
		},
		{
			"idx": 8,
			"cx": -0.0951801949344335,
			"cy": -0.03735481064337337,
			"area": 0.0
		},
		{
			"idx": 9,
			"cx": -0.12991630159617132,
			"cy": 0.010154504293221022,
			"area": 0.0
		}
	],
	"undistort_blobs": [
		[
			0.056496924472358837,
			-0.033823558081616356
		],
		[
			-0.04034576747067048,
			0.04198230054201468
		],
		[
			-0.13690961984028732,
			-0.035770828411584896
		],
		[
			-0.16628823814616167,
			0.026005862677254153
		]
	],
	"distorted_2d": [
		[
			716.580537823148,
			471.0373494911738
		],
		[
			647.4145593458576,
			525.1804348432462
		],
		[
			578.8555490616727,
			469.74961060790093
		],
		[
			558.2104991104547,
			513.6497273235915
		]
	]
}