{
	"position": "cam_001",
	"serial": "WMTD306N100YUC",
	"model_points": {
		"LED3": [
			702,
			493,
			12
		],
		"LED4": [
			655,
			453,
			12
		],
		"LED5": [
			585,
			501,
			12
		],
		"LED6": [
			536,
			453,
			12
		]
	},
	"camera_f": [
		713.624,
		713.624
	],
	"camera_c": [
		645.13,
		462.774
	],
	"camera_k": [
		0.069461,
		-0.023398,
		0.005656,
		-0.000683
	],
	"rvecs": [
		0.6190270976698892,
		-1.9091480647096861,
		1.047259104295999
	],
	"tvecs": [
		0.01709603748445307,
		-0.007076614588443774,
		0.299499916916994
	],
	"blobs": [
		{
			"idx": 3,
			"cx": 0.0622895804755227,
			"cy": 0.035801247221383566,
			"area": 0.0
		},
		{
			"idx": 4,
			"cx": 0.010205012385645883,
			"cy": -0.010566823464038512,
			"area": 0.0
		},
		{
			"idx": 5,
			"cx": -0.0704639323418404,
			"cy": 0.04551057136466309,
			"area": 0.0
		},
		{
			"idx": 6,
			"cx": -0.12854985496315532,
			"cy": -0.010415521392487878,
			"area": 0.0
		}
	],
	"undistort_blobs": [
		[
			0.08007585981399837,
			0.039142307461637084
		],
		[
			0.014513434726457716,
			-0.017354619801028377
		],
		[
			-0.08403131555385174,
			0.050689800256874334
		],
		[
			-0.15217886468971906,
			-0.018038069081055798
		]
	],
	"distorted_2d": [
		[
			702.1546513754665,
			490.64852351077946
		],
		[
			655.4857368423912,
			450.3909990738597
		],
		[
			585.3150346851555,
			498.8558895217493
		],
		[
			537.1980948039763,
			449.9806126531737
		]
	]
}