{
	"position": "cam_002",
	"serial": "WMTD306A400RBB",
	"model_points": {
		"LED9": [
			683,
			497,
			12
		],
		"LED10": [
			633,
			456,
			12
		],
		"LED11": [
			593,
			493,
			12
		],
		"LED12": [
			560,
			456,
			12
		]
	},
	"camera_f": [
		716.571,
		716.571
	],
	"camera_c": [
		651.012,
		496.356
	],
	"camera_k": [
		0.070881,
		-0.024718,
		0.006349,
		-0.000814
	],
	"rvecs": [
		0.8010950392733138,
		1.589632950351769,
		-0.8416548973753
	],
	"tvecs": [
		-0.03285071711757073,
		-0.02028735702061756,
		0.30909064971469286
	],
	"blobs": [
		{
			"idx": 9,
			"cx": 0.03569200262168501,
			"cy": -0.008105768373928263,
			"area": 0.0
		},
		{
			"idx": 10,
			"cx": -0.019704768936691545,
			"cy": -0.06069884793570622,
			"area": 0.0
		},
		{
			"idx": 11,
			"cx": -0.07460140569695366,
			"cy": -0.016153901653239156,
			"area": 0.0
		},
		{
			"idx": 12,
			"cx": -0.11961104300563474,
			"cy": -0.05935876411163323,
			"area": 0.0
		}
	],
	"undistort_blobs": [
		[
			0.04417987301108787,
			-0.0004267376180745877
		],
		[
			-0.021996007694006718,
			-0.060595092343277715
		],
		[
			-0.08323178891341985,
			-0.009386983322349765
		],
		[
			-0.1277769811272625,
			-0.058152839554221084
		]
	],
	"distorted_2d": [
		[
			682.6538093893636,
			496.0503687373887
		],
		[
			635.2674607947986,
			452.9825924110637
		],
		[
			591.4800241595121,
			489.64191068801256
		],
		[
			559.9206380439433,
			454.89922656652726
		]
	]
}