{
	"position": "cam_111",
	"serial": "WMTD304C3009ZF",
	"model_points": {
		"LED6": [
			727,
			478,
			12
		],
		"LED7": [
			667,
			535,
			12
		],
		"LED8": [
			593,
			480,
			12
		],
		"LED9": [
			557,
			526,
			12
		]
	},
	"camera_f": [
		716.969,
		716.969
	],
	"camera_c": [
		644.91,
		490.534
	],
	"camera_k": [
		0.069708,
		-0.023068,
		0.005478,
		-0.000664
	],
	"rvecs": [
		0.2892296915949437,
		2.4415252063091324,
		-1.2653607666722086
	],
	"tvecs": [
		-0.015668294448829195,
		-0.010736237509353567,
		0.3025183050938287
	],
	"blobs": [
		{
			"idx": 6,
			"cx": 0.07276746171603626,
			"cy": -0.03535734827753324,
			"area": 0.0
		},
		{
			"idx": 7,
			"cx": 0.0021452401601061814,
			"cy": 0.019300382508065192,
			"area": 0.0
		},
		{
			"idx": 8,
			"cx": -0.06906293122359194,
			"cy": -0.03718780717960891,
			"area": 0.0
		},
		{
			"idx": 9,
			"cx": -0.09463200533574007,
			"cy": 0.00877464269975423,
			"area": 0.0
		}
	],
	"undistort_blobs": [
		[
			0.11478458593741547,
			-0.0192414197574725
		],
		[
			0.029207634176823084,
			0.056742549206811106
		],
		[
			-0.07094372140827634,
			-0.018002576153315946
		],
		[
			-0.12095449632013494,
			0.045562965991408286
		]
	],
	"distorted_2d": [
		[
			726.914719538283,
			476.7874919837562
		],
		[
			665.8285212739755,
			531.1730403117335
		],
		[
			594.1172290072392,
			477.6448998839686
		],
		[
			558.5687222323253,
			523.0583361947548
		]
	]
}