{
	"position": "cam_101",
	"serial": "WMTD305L6003D6",
	"model_points": {
		"LED0": [
			686,
			480,
			12
		],
		"LED1": [
			655,
			487,
			12
		],
		"LED2": [
			622,
			457,
			12
		],
		"LED3": [
			588,
			492,
			12
		]
	},
	"camera_f": [
		716.896,
		716.896
	],
	"camera_c": [
		668.902,
		460.618
	],
	"camera_k": [
		0.07542,
		-0.026874,
		0.006662,
		-0.000775
	],
	"rvecs": [
		0.7329244250041576,
		-0.9833612883059094,
		0.6807281346271722
	],
	"tvecs": [
		0.006139925630365423,
		0.0014114368247672045,
		0.30294104193526056
	],
	"blobs": [
		{
			"idx": 0,
			"cx": 0.011058544448744892,
			"cy": 0.03230332749445198,
			"area": 0.0
		},
		{
			"idx": 1,
			"cx": -0.03560923636325645,
			"cy": 0.0419445433958793,
			"area": 0.0
		},
		{
			"idx": 2,
			"cx": -0.07673131875469615,
			"cy": 0.004400792857522268,
			"area": 0.0
		},
		{
			"idx": 3,
			"cx": -0.1231234361221157,
			"cy": 0.053699600800203424,
			"area": 0.0
		}
	],
	"undistort_blobs": [
		[
			0.02505009567596015,
			0.024348673872659276
		],
		[
			-0.018901129315338636,
			0.03269620309186206
		],
		[
			-0.0634687468038459,
			-0.008077174819845868
		],
		[
			-0.11518377675801665,
			0.0416640794201259
		]
	],
	"distorted_2d": [
		[
			686.8546636507069,
			478.06797536261314
		],
		[
			655.3568378664579,
			484.0491593049146
		],
		[
			623.4494730989038,
			454.8336096618934
		],
		[
			586.6449262539337,
			490.37188852392995
		]
	]
}