{
	"position": "cam_001",
	"serial": "WMTD306N100YUC",
	"model_points": {
		"LED3": [
			689,
			489,
			20
		],
		"LED4": [
			650,
			457,
			20
		],
		"LED5": [
			592,
			496,
			20
		],
		"LED6": [
			551,
			456,
			20
		]
	},
	"camera_f": [
		713.624,
		713.624
	],
	"camera_c": [
		645.13,
		462.774
	],
	"camera_k": [
		0.069461,
		-0.023398,
		0.005656,
		-0.000683
	],
	"rvecs": [
		0.58174868976642,
		-1.9555253431591713,
		1.0873586280301166
	],
	"tvecs": [
		0.01299884973327121,
		-0.005319796967084556,
		0.35480847981399355
	],
	"blobs": [
		{
			"idx": 3,
			"cx": 0.0622895804755227,
			"cy": 0.035801247221383566,
			"area": 0.0
		},
		{
			"idx": 4,
			"cx": 0.010205012385645883,
			"cy": -0.010566823464038512,
			"area": 0.0
		},
		{
			"idx": 5,
			"cx": -0.0704639323418404,
			"cy": 0.04551057136466309,
			"area": 0.0
		},
		{
			"idx": 6,
			"cx": -0.12854985496315532,
			"cy": -0.010415521392487878,
			"area": 0.0
		}
	],
	"undistort_blobs": [
		[
			0.06223393364271989,
			0.03578118461848622
		],
		[
			0.010175568517351014,
			-0.010566996311262913
		],
		[
			-0.07049333150042872,
			0.045528074852079124
		],
		[
			-0.1286900265666864,
			-0.010499410260122886
		]
	],
	"distorted_2d": [
		[
			689.4813626498066,
			488.27366235727095
		],
		[
			652.3911175884023,
			455.2335660044489
		],
		[
			594.9174791914388,
			495.2037257233452
		],
		[
			553.6949860724234,
			455.31410781582827
		]
	]
}