{
	"position": "cam_003",
	"serial": "WMTD303N1027HX",
	"model_points": {
		"LED14": [
			590,
			455,
			18
		],
		"LED13": [
			630,
			467,
			18
		],
		"LED12": [
			634,
			433,
			18
		],
		"LED11": [
			670,
			478,
			18
		]
	},
	"camera_f": [
		717.277,
		717.277
	],
	"camera_c": [
		647.811,
		485.478
	],
	"camera_k": [
		0.065902,
		-0.015672,
		0.00032,
		0.000556
	],
	"rvecs": [
		0.9484764418193732,
		0.13560078779108162,
		-0.08913834553156144
	],
	"tvecs": [
		-0.03768021060970905,
		-0.020193621336835464,
		0.2737563296466324
	],
	"blobs": [
		{
			"idx": 14,
			"cx": -0.07524448530686643,
			"cy": -0.04177545828516974,
			"area": 0.0
		},
		{
			"idx": 13,
			"cx": -0.03152127809694059,
			"cy": -0.029645530157482006,
			"area": 0.0
		},
		{
			"idx": 12,
			"cx": -0.016625349309510172,
			"cy": -0.06968416353543615,
			"area": 0.0
		},
		{
			"idx": 11,
			"cx": 0.025593186851735828,
			"cy": -0.013778952661255438,
			"area": 0.0
		}
	],
	"undistort_blobs": [
		[
			-0.07524066022269225,
			-0.041775424252306514
		],
		[
			-0.03143728922712465,
			-0.029653130985407925
		],
		[
			-0.01663354098795912,
			-0.06966535945252414
		],
		[
			0.025629421667652988,
			-0.01364470646753453
		]
	],
	"distorted_2d": [
		[
			593.9491501349368,
			455.5726054637565
		],
		[
			625.2730085845478,
			464.21910560990216
		],
		[
			635.8964745383324,
			435.57703786606976
		],
		[
			666.190251572327,
			475.69317160826597
		]
	]
}