{
	"position": "cam_101",
	"serial": "WMTD305L6003D6",
	"model_points": {
		"LED0": [
			677,
			487,
			20
		],
		"LED1": [
			644,
			492,
			20
		],
		"LED2": [
			613,
			465,
			20
		],
		"LED3": [
			582,
			502,
			20
		]
	},
	"camera_f": [
		716.896,
		716.896
	],
	"camera_c": [
		668.902,
		460.618
	],
	"camera_k": [
		0.07542,
		-0.026874,
		0.006662,
		-0.000775
	],
	"rvecs": [
		0.7497394696148801,
		-0.7832598248430805,
		0.5593436379383023
	],
	"tvecs": [
		0.007797045563786643,
		0.004345206144826612,
		0.309334160910998
	],
	"blobs": [
		{
			"idx": 0,
			"cx": 0.011058544448744892,
			"cy": 0.03230332749445198,
			"area": 0.0
		},
		{
			"idx": 1,
			"cx": -0.03560923636325645,
			"cy": 0.0419445433958793,
			"area": 0.0
		},
		{
			"idx": 2,
			"cx": -0.07673131875469615,
			"cy": 0.004400792857522268,
			"area": 0.0
		},
		{
			"idx": 3,
			"cx": -0.1231234361221157,
			"cy": 0.053699600800203424,
			"area": 0.0
		}
	],
	"undistort_blobs": [
		[
			0.011089704510391657,
			0.0323289513374329
		],
		[
			-0.03554697493565233,
			0.04191088373841829
		],
		[
			-0.07662552878453034,
			0.0043218559452319625
		],
		[
			-0.1230418723705072,
			0.053777601425428374
		]
	],
	"distorted_2d": [
		[
			676.8497706422019,
			483.7875163826999
		],
		[
			643.4383429228999,
			490.64036823935555
		],
		[
			614.052729608221,
			463.7116249197174
		],
		[
			581.101197080292,
			498.99287591240875
		]
	]
}