{
	"position": "cam_000",
	"serial": "WMTD306A400T91",
	"model_points": {
		"LED3": [
			695,
			491,
			20
		],
		"LED4": [
			654,
			458,
			20
		],
		"LED5": [
			598,
			498,
			20
		],
		"LED6": [
			562,
			456,
			20
		]
	},
	"camera_f": [
		716.229,
		716.229
	],
	"camera_c": [
		661.222,
		493.271
	],
	"camera_k": [
		0.075759,
		-0.026343,
		0.006198,
		-0.000643
	],
	"rvecs": [
		0.7465363628573561,
		-1.7068483125891136,
		0.9159490902971649
	],
	"tvecs": [
		0.02437931897638076,
		-0.01945887921368408,
		0.34908292565661825
	],
	"blobs": [
		{
			"idx": 3,
			"cx": 0.05101117797549154,
			"cy": -0.004708731856642257,
			"area": 0.0
		},
		{
			"idx": 4,
			"cx": -0.008982484394761478,
			"cy": -0.05265278379940796,
			"area": 0.0
		},
		{
			"idx": 5,
			"cx": -0.08560684449418868,
			"cy": 0.0009962727549002915,
			"area": 0.0
		},
		{
			"idx": 6,
			"cx": -0.1302445522322414,
			"cy": -0.05471540950656026,
			"area": 0.0
		}
	],
	"undistort_blobs": [
		[
			0.05103385260383115,
			-0.0046772998056235
		],
		[
			-0.008944679538532627,
			-0.05263739385516397
		],
		[
			-0.0855253574289881,
			0.0010712386083921094
		],
		[
			-0.1301977037482453,
			-0.05458447973884407
		]
	],
	"distorted_2d": [
		[
			697.7492234015015,
			489.92324618172404
		],
		[
			654.8202600671141,
			455.5982242729306
		],
		[
			600.0813653312936,
			494.03681040252417
		],
		[
			568.4457426610194,
			454.3752008178764
		]
	]
}