{
	"position": "cam_110",
	"serial": "WMTD306N100AXM",
	"model_points": {
		"LED0": [
			672,
			483,
			20
		],
		"LED1": [
			638,
			494,
			20
		],
		"LED2": [
			616,
			469,
			20
		],
		"LED3": [
			590,
			509,
			20
		]
	},
	"camera_f": [
		712.623,
		712.623
	],
	"camera_c": [
		653.448,
		475.572
	],
	"camera_k": [
		0.072867,
		-0.026268,
		0.007135,
		-0.000997
	],
	"rvecs": [
		0.8681911168808114,
		-0.483581951378634,
		0.3196956238889445
	],
	"tvecs": [
		0.020744788785811333,
		-0.004049714064563601,
		0.3008576816262691
	],
	"blobs": [
		{
			"idx": 0,
			"cx": 0.027884797108091074,
			"cy": 0.011612391497198744,
			"area": 0.0
		},
		{
			"idx": 1,
			"cx": -0.01981529886577518,
			"cy": 0.023837054597759262,
			"area": 0.0
		},
		{
			"idx": 2,
			"cx": -0.05447560571210772,
			"cy": -0.012372114688237618,
			"area": 0.0
		},
		{
			"idx": 3,
			"cx": -0.09196134648207983,
			"cy": 0.03947269838322715,
			"area": 0.0
		}
	],
	"undistort_blobs": [
		[
			0.027941539128923873,
			0.011548374733697197
		],
		[
			-0.019853958433969823,
			0.02376749477086818
		],
		[
			-0.054554139629729624,
			-0.012498371369597904
		],
		[
			-0.09207369634209435,
			0.0393114803035395
		]
	],
	"distorted_2d": [
		[
			673.3550443028137,
			483.79967873983105
		],
		[
			639.3031456235849,
			492.50503396117347
		],
		[
			614.603145310118,
			466.67263098772366
		],
		[
			588.0047973369884,
			503.51341296260034
		]
	]
}