{
	"position": "cam_011",
	"serial": "WMTD306L500Z8H",
	"model_points": {
		"LED14": [
			590,
			459,
			18
		],
		"LED13": [
			620,
			462,
			18
		],
		"LED12": [
			634,
			433,
			18
		],
		"LED11": [
			674,
			473,
			18
		]
	},
	"camera_f": [
		717.214,
		717.214
	],
	"camera_c": [
		642.858,
		474.687
	],
	"camera_k": [
		0.072943,
		-0.025317,
		0.006315,
		-0.000784
	],
	"rvecs": [
		0.8951410361012253,
		0.46165356118209444,
		-0.32689495332072566
	],
	"tvecs": [
		-0.03327078407588744,
		-0.014662453376501756,
		0.28805675779789264
	],
	"blobs": [
		{
			"idx": 14,
			"cx": -0.08098462762393337,
			"cy": -0.0252762205102797,
			"area": 0.0
		},
		{
			"idx": 13,
			"cx": -0.03336279504125903,
			"cy": -0.016353958655298047,
			"area": 0.0
		},
		{
			"idx": 12,
			"cx": -0.01205753493593352,
			"cy": -0.056613009725492436,
			"area": 0.0
		},
		{
			"idx": 11,
			"cx": 0.044348893771799715,
			"cy": -0.004784443090467865,
			"area": 0.0
		}
	],
	"undistort_blobs": [
		[
			-0.08105455064387486,
			-0.025285572966892118
		],
		[
			-0.03336187115718589,
			-0.016337848090390603
		],
		[
			-0.012121469126786858,
			-0.056595635079064795
		],
		[
			0.0443284759544945,
			-0.004755604594990508
		]
	],
	"distorted_2d": [
		[
			584.8333631805158,
			456.5857808022923
		],
		[
			618.9389920424403,
			462.973474801061
		],
		[
			634.1718862845512,
			434.13117983060863
		],
		[
			674.6345615538418,
			471.2779777206512
		]
	]
}