{
	"position": "cam_002",
	"serial": "WMTD306A400RBB",
	"model_points": {
		"LED9": [
			679,
			493,
			20
		],
		"LED10": [
			639,
			453,
			20
		],
		"LED11": [
			597,
			485,
			20
		],
		"LED12": [
			567,
			456,
			20
		]
	},
	"camera_f": [
		716.571,
		716.571
	],
	"camera_c": [
		651.012,
		496.356
	],
	"camera_k": [
		0.070881,
		-0.024718,
		0.006349,
		-0.000814
	],
	"rvecs": [
		0.8317705548092342,
		1.4826173011564838,
		-0.7843996322639877
	],
	"tvecs": [
		-0.0384238160525759,
		-0.022440658980334552,
		0.3452621250333193
	],
	"blobs": [
		{
			"idx": 9,
			"cx": 0.03569200262168501,
			"cy": -0.008105768373928263,
			"area": 0.0
		},
		{
			"idx": 10,
			"cx": -0.019704768936691545,
			"cy": -0.06069884793570622,
			"area": 0.0
		},
		{
			"idx": 11,
			"cx": -0.07460140569695366,
			"cy": -0.016153901653239156,
			"area": 0.0
		},
		{
			"idx": 12,
			"cx": -0.11961104300563474,
			"cy": -0.05935876411163323,
			"area": 0.0
		}
	],
	"undistort_blobs": [
		[
			0.03568417644010064,
			-0.008091755826739355
		],
		[
			-0.019817417560686345,
			-0.060812602612138326
		],
		[
			-0.07455978842319821,
			-0.016197128239565557
		],
		[
			-0.11963983735882446,
			-0.05935385690288447
		]
	],
	"distorted_2d": [
		[
			676.5732658835634,
			490.5597187687559
		],
		[
			636.826635198921,
			452.8261631827377
		],
		[
			597.6660591451584,
			484.7672996648833
		],
		[
			565.6800545302013,
			454.0224412751678
		]
	]
}