{
	"position": "cam_010",
	"serial": "WMTD3063300B55",
	"model_points": {
		"LED9": [
			682,
			505,
			20
		],
		"LED10": [
			643,
			464,
			20
		],
		"LED11": [
			607,
			497,
			20
		],
		"LED12": [
			586,
			464,
			20
		]
	},
	"camera_f": [
		714.923,
		714.923
	],
	"camera_c": [
		643.992,
		484.276
	],
	"camera_k": [
		0.075142,
		-0.029902,
		0.009263,
		-0.001366
	],
	"rvecs": [
		0.6935983827396064,
		1.710386511759829,
		-0.9336774270591475
	],
	"tvecs": [
		-0.02046291376406762,
		-0.011802040359562132,
		0.3632780147263966
	],
	"blobs": [
		{
			"idx": 9,
			"cx": 0.0515810324126649,
			"cy": 0.024024598699067097,
			"area": 0.0
		},
		{
			"idx": 10,
			"cx": -0.003918961123699395,
			"cy": -0.028373982674867945,
			"area": 0.0
		},
		{
			"idx": 11,
			"cx": -0.05397493084080262,
			"cy": 0.013462697834663815,
			"area": 0.0
		},
		{
			"idx": 12,
			"cx": -0.08381698022290585,
			"cy": -0.02899177248117732,
			"area": 0.0
		}
	],
	"undistort_blobs": [
		[
			0.051491633342125705,
			0.02406828188223693
		],
		[
			-0.003840382154211556,
			-0.028511251009261256
		],
		[
			-0.053822508960397704,
			0.013509961272251231
		],
		[
			-0.0839350682554209,
			-0.029040729249728267
		]
	],
	"distorted_2d": [
		[
			680.7738829547164,
			501.468632465774
		],
		[
			641.2470089916029,
			463.8970052760645
		],
		[
			605.5436092382729,
			493.9269114904605
		],
		[
			584.1067534294759,
			463.5562785789659
		]
	]
}