{
	"position": "cam_111",
	"serial": "WMTD304C3009ZF",
	"model_points": {
		"LED6": [
			692,
			468,
			22
		],
		"LED7": [
			640,
			507,
			22
		],
		"LED8": [
			591,
			468,
			22
		],
		"LED9": [
			569,
			500,
			22
		]
	},
	"camera_f": [
		716.969,
		716.969
	],
	"camera_c": [
		644.91,
		490.534
	],
	"camera_k": [
		0.069708,
		-0.023068,
		0.005478,
		-0.000664
	],
	"rvecs": [
		0.07891620517206731,
		2.6259154918179184,
		-1.4351254477559763
	],
	"tvecs": [
		-0.002301757072113227,
		-0.01491620954090787,
		0.38825689784035283
	],
	"blobs": [
		{
			"idx": 6,
			"cx": 0.07276746171603626,
			"cy": -0.03535734827753324,
			"area": 0.0
		},
		{
			"idx": 7,
			"cx": 0.0021452401601061814,
			"cy": 0.019300382508065192,
			"area": 0.0
		},
		{
			"idx": 8,
			"cx": -0.06906293122359194,
			"cy": -0.03718780717960891,
			"area": 0.0
		},
		{
			"idx": 9,
			"cx": -0.09463200533574007,
			"cy": 0.00877464269975423,
			"area": 0.0
		}
	],
	"undistort_blobs": [
		[
			0.07278894608860342,
			-0.035307685677182885
		],
		[
			0.002130014301148464,
			0.01937557190062838
		],
		[
			-0.06903575450911968,
			-0.03708720955116519
		],
		[
			-0.09463826544625538,
			0.008726390919249882
		]
	],
	"distorted_2d": [
		[
			697.0076133447391,
			465.2630453378956
		],
		[
			646.437001280662,
			504.42429317308637
		],
		[
			595.4934405416843,
			463.9865636902243
		],
		[
			577.2182770663562,
			496.77570818781527
		]
	]
}