{
	"position": "cam_100",
	"serial": "WMTD303A5006BW",
	"model_points": {
		"LED6": [
			703,
			465,
			22
		],
		"LED7": [
			651,
			508,
			22
		],
		"LED8": [
			595,
			466,
			22
		],
		"LED9": [
			571,
			500,
			22
		]
	},
	"camera_f": [
		714.938,
		714.938
	],
	"camera_c": [
		676.234,
		495.192
	],
	"camera_k": [
		0.074468,
		-0.024896,
		0.005643,
		-0.000568
	],
	"rvecs": [
		0.3242732745650572,
		2.4244649597289687,
		-1.306883972767028
	],
	"tvecs": [
		-0.030492339349183474,
		-0.016894970206512434,
		0.39426971875680733
	],
	"blobs": [
		{
			"idx": 6,
			"cx": 0.04011533533428248,
			"cy": -0.04111514231593,
			"area": 0.0
		},
		{
			"idx": 7,
			"cx": -0.021258669999921855,
			"cy": 0.014638509793358059,
			"area": 0.0
		},
		{
			"idx": 8,
			"cx": -0.0951801949344335,
			"cy": -0.03735481064337337,
			"area": 0.0
		},
		{
			"idx": 9,
			"cx": -0.12991630159617132,
			"cy": 0.010154504293221022,
			"area": 0.0
		}
	],
	"undistort_blobs": [
		[
			0.040220762981900346,
			-0.04103246310791297
		],
		[
			-0.021137515983038306,
			0.014649981790318288
		],
		[
			-0.09516098031524396,
			-0.03736651272526323
		],
		[
			-0.12980212524787188,
			0.010062271361077173
		]
	],
	"distorted_2d": [
		[
			704.9648087183563,
			465.88137132478147
		],
		[
			661.1245733788396,
			505.66403583617745
		],
		[
			608.3831282952548,
			468.5492473446932
		],
		[
			583.8380401497108,
			502.3545423613474
		]
	]
}