{"gyro_m":[0.9942625734,0.002820753,2.94626e-05,0.0014368324,-0.0016435508,-0.9984407233,-0.0034567035,0.9942152003,-0.0002161646],"acc_b":[-0.3166762394,0.0955800983,-0.0383486948],"build_bash":"568eaa2725999b69cdda6f2f1c252427dafe3ebf","TrackedObject":{"JsonVersion":3,"Lensing":{"Model0":[4,0.00225126,-0.00488171,0.00377238,-0.000125422]},"GyroCalibration":[0.99392052,0.02146981,-0.01576818,-0.01435909,0.00125569,-0.99831161,-0.02208856,0.99398792,0.00303652,-0.0170504,0.00582886,-0.00254534],"ImuPosition":[0.005585638,-0.007119839,0.019845198],"ModelPoints":{"Point12":[-0.03290401,0.00379286,0.00017377,-0.7051038,-0.6950803,0.14032818,85.0,80.0,0.0],"Point11":[-0.04226635,0.02272619,-0.00387783,-0.9435189,-0.10477919,-0.31431419,85.0,80.0,0.0],"Point14":[-0.01996195,-0.00381774,-0.0149094,-0.49720891,-0.70839529,-0.5009585,85.0,80.0,0.0],"Point13":[-0.02998168,0.00379295,-0.01288771,-0.67315478,-0.5810967,-0.45737213,85.0,80.0,0.0],"Point10":[-0.04265605,0.03017456,0.01618634,-0.90904575,-0.17393345,0.37865945,85.0,80.0,0.0],"Point0":[0.02130148,-0.00342,-0.01376815,0.52706841,-0.71386452,-0.46108171,85.0,80.0,0.0],"Point1":[0.03182874,0.00579778,-0.01212096,0.71941994,-0.53832866,-0.43890456,85.0,80.0,0.0],"Point2":[0.03703396,0.00928169,0.00309193,0.75763735,-0.6234486,0.19312559,85.0,80.0,0.0],"Point3":[0.04281373,0.02701218,-0.0019088,0.95565641,0.00827838,-0.29436762,85.0,80.0,0.0],"Point4":[0.04175072,0.03594279,0.01987218,0.89943476,-0.04857372,0.43434745,85.0,80.0,0.0],"Point5":[0.02963462,0.06149145,0.0163142,0.57938915,0.80424722,-0.13226727,85.0,80.0,0.0],"Point6":[0.01439168,0.06324934,0.03658369,0.32401356,0.5869508,0.74195955,85.0,80.0,0.0],"Point7":[-0.00783586,0.07118238,0.02054086,-0.14082806,0.97575588,-0.16753482,85.0,80.0,0.0],"Point8":[-0.02995897,0.05507489,0.03113854,-0.66436362,0.41503629,0.62158335,85.0,80.0,0.0],"Point9":[-0.03734078,0.05269216,0.01100377,-0.77126662,0.61174447,-0.17583089,85.0,80.0,0.0]},"BuildBash":"568eaa2725999b69cdda6f2f1c252427dafe3ebf","LedOnTime":35,"FlsVersion":"1.0.10","AccCalibration":[1.00343188,0.02231765,-0.01505683,-0.01606509,0.00256968,-1.00063286,-0.02222266,1.00112165,0.00415342,-0.31667624,0.0955801,-0.03834869]},"gyro_b":[-0.0170503996,0.005828859,-0.0025453424],"acc_m":[1.0038006698,0.0035138191,0.0007565333,-0.0001180542,-0.000339563,-1.0007540577,-0.0034171698,1.0013674575,0.0009070216]}
