{
	"position": "cam_002",
	"serial": "WMTD306A400RBB",
	"model_points": {
		"LED9": [
			683,
			497,
			12
		],
		"LED10": [
			633,
			456,
			12
		],
		"LED11": [
			593,
			493,
			12
		],
		"LED12": [
			560,
			456,
			12
		]
	},
	"camera_f": [
		716.571,
		716.571
	],
	"camera_c": [
		651.012,
		496.356
	],
	"camera_k": [
		0.070881,
		-0.024718,
		0.006349,
		-0.000814
	],
	"rvecs": [
		0.8081632733192537,
		1.6018335824622985,
		-0.8317695419303982
	],
	"tvecs": [
		-0.03331526028793563,
		-0.020632799871629623,
		0.3081612712159074
	],
	"blobs": [
		{
			"idx": 9,
			"cx": 0.03569200262168501,
			"cy": -0.008105768373928263,
			"area": 0.0
		},
		{
			"idx": 10,
			"cx": -0.019704768936691545,
			"cy": -0.06069884793570622,
			"area": 0.0
		},
		{
			"idx": 11,
			"cx": -0.07460140569695366,
			"cy": -0.016153901653239156,
			"area": 0.0
		},
		{
			"idx": 12,
			"cx": -0.11961104300563474,
			"cy": -0.05935876411163323,
			"area": 0.0
		}
	],
	"undistort_blobs": [
		[
			683.7053575086646,
			496.7469092772811
		],
		[
			636.7520162601064,
			453.7514385569957
		],
		[
			592.8347228027195,
			490.46567139567037
		],
		[
			561.1917583896047,
			455.5045774392462
		]
	],
	"distorted_2d": [
		[
			1642.4254418242767,
			1216.6685697840094
		],
		[
			1648.9377421848708,
			1207.4809427194189
		],
		[
			1595.1460539419877,
			1277.4596109102363
		],
		[
			1602.3627112884346,
			1268.5423289394876
		]
	]
}