{
	"position": "cam_101",
	"serial": "WMTD305L6003D6",
	"model_points": {
		"LED0": [
			686,
			480,
			12
		],
		"LED1": [
			655,
			487,
			12
		],
		"LED2": [
			622,
			457,
			12
		],
		"LED3": [
			588,
			492,
			12
		]
	},
	"camera_f": [
		716.896,
		716.896
	],
	"camera_c": [
		668.902,
		460.618
	],
	"camera_k": [
		0.07542,
		-0.026874,
		0.006662,
		-0.000775
	],
	"rvecs": [
		0.7284152166107297,
		-1.0109045152537184,
		0.7023245944640302
	],
	"tvecs": [
		0.004585508757286962,
		0.0015587717947800417,
		0.30454052114495284
	],
	"blobs": [
		{
			"idx": 0,
			"cx": 0.011058544448744892,
			"cy": 0.03230332749445198,
			"area": 0.0
		},
		{
			"idx": 1,
			"cx": -0.03560923636325645,
			"cy": 0.0419445433958793,
			"area": 0.0
		},
		{
			"idx": 2,
			"cx": -0.07673131875469615,
			"cy": 0.004400792857522268,
			"area": 0.0
		},
		{
			"idx": 3,
			"cx": -0.1231234361221157,
			"cy": 0.053699600800203424,
			"area": 0.0
		}
	],
	"undistort_blobs": [
		[
			684.4255910743555,
			477.79288705022384
		],
		[
			653.8140617347053,
			484.11555943206605
		],
		[
			621.7805097320663,
			454.9218785183771
		],
		[
			585.6414034648104,
			489.9129322853863
		]
	],
	"distorted_2d": [
		[
			1678.0701098169866,
			1165.1114482236396
		],
		[
			1657.9924263212536,
			1192.9883986986263
		],
		[
			1662.1115830925037,
			1187.293671287279
		],
		[
			1612.8225144654268,
			1250.246028944293
		]
	]
}