{
	"position": "cam_011",
	"serial": "WMTD306L500Z8H",
	"model_points": {
		"LED14": [
			594,
			460,
			12
		],
		"LED13": [
			626,
			466,
			12
		],
		"LED12": [
			634,
			439,
			12
		],
		"LED11": [
			668,
			475,
			12
		]
	},
	"camera_f": [
		717.214,
		717.214
	],
	"camera_c": [
		642.858,
		474.687
	],
	"camera_k": [
		0.072943,
		-0.025317,
		0.006315,
		-0.000784
	],
	"rvecs": [
		0.940861943054309,
		0.24463255813822046,
		-0.17355900324911927
	],
	"tvecs": [
		-0.03663626593563294,
		-0.01501833205488885,
		0.3062853901156725
	],
	"blobs": [
		{
			"idx": 14,
			"cx": -0.08098462762393337,
			"cy": -0.0252762205102797,
			"area": 0.0
		},
		{
			"idx": 13,
			"cx": -0.03336279504125903,
			"cy": -0.016353958655298047,
			"area": 0.0
		},
		{
			"idx": 12,
			"cx": -0.01205753493593352,
			"cy": -0.056613009725492436,
			"area": 0.0
		},
		{
			"idx": 11,
			"cx": 0.044348893771799715,
			"cy": -0.004784443090467865,
			"area": 0.0
		}
	],
	"undistort_blobs": [
		[
			593.3808174124805,
			459.6687896888775
		],
		[
			622.8685044998405,
			466.24727047626726
		],
		[
			634.2572939779225,
			440.2381263609985
		],
		[
			664.9807817260413,
			475.4908291966536
		]
	],
	"distorted_2d": [
		[
			1614.2255783373353,
			1227.1672723222434
		],
		[
			1626.5598923804089,
			1211.035553460728
		],
		[
			1652.289640071781,
			1175.3337219755444
		],
		[
			1642.4338083758266,
			1189.4281519711358
		]
	]
}