{
	"position": "cam_010",
	"serial": "WMTD3063300B55",
	"model_points": {
		"LED9": [
			690,
			513,
			12
		],
		"LED10": [
			641,
			465,
			12
		],
		"LED11": [
			602,
			504,
			12
		],
		"LED12": [
			586,
			465,
			12
		]
	},
	"camera_f": [
		714.923,
		714.923
	],
	"camera_c": [
		643.992,
		484.276
	],
	"camera_k": [
		0.075142,
		-0.029902,
		0.009263,
		-0.001366
	],
	"rvecs": [
		0.5756410904026474,
		1.8741519151804535,
		-1.078644047448022
	],
	"tvecs": [
		-0.009356259308175975,
		-0.007713483194749687,
		0.3049099753431737
	],
	"blobs": [
		{
			"idx": 9,
			"cx": 0.0515810324126649,
			"cy": 0.024024598699067097,
			"area": 0.0
		},
		{
			"idx": 10,
			"cx": -0.003918961123699395,
			"cy": -0.028373982674867945,
			"area": 0.0
		},
		{
			"idx": 11,
			"cx": -0.05397493084080262,
			"cy": 0.013462697834663815,
			"area": 0.0
		},
		{
			"idx": 12,
			"cx": -0.08381698022290585,
			"cy": -0.02899177248117732,
			"area": 0.0
		}
	],
	"undistort_blobs": [
		[
			691.3869750114239,
			510.22938763945695
		],
		[
			642.0761463654185,
			463.6145956890598
		],
		[
			602.6975119445449,
			501.40423568051455
		],
		[
			585.0250642236932,
			464.1795316815803
		]
	],
	"distorted_2d": [
		[
			1629.81557219691,
			1211.793549132684
		],
		[
			1637.252949235709,
			1201.465504703342
		],
		[
			1585.7979680283092,
			1267.7959120616774
		],
		[
			1603.668709929087,
			1245.7173689637648
		]
	]
}