{
	"position": "cam_111",
	"serial": "WMTD304C3009ZF",
	"model_points": {
		"LED6": [
			727,
			478,
			12
		],
		"LED7": [
			667,
			535,
			12
		],
		"LED8": [
			593,
			480,
			12
		],
		"LED9": [
			557,
			526,
			12
		]
	},
	"camera_f": [
		716.969,
		716.969
	],
	"camera_c": [
		644.91,
		490.534
	],
	"camera_k": [
		0.069708,
		-0.023068,
		0.005478,
		-0.000664
	],
	"rvecs": [
		0.2971917374118816,
		2.445167870243452,
		-1.2588884429438443
	],
	"tvecs": [
		-0.016788720978823366,
		-0.01117936737631766,
		0.30201459896156246
	],
	"blobs": [
		{
			"idx": 6,
			"cx": 0.07276746171603626,
			"cy": -0.03535734827753324,
			"area": 0.0
		},
		{
			"idx": 7,
			"cx": 0.0021452401601061814,
			"cy": 0.019300382508065192,
			"area": 0.0
		},
		{
			"idx": 8,
			"cx": -0.06906293122359194,
			"cy": -0.03718780717960891,
			"area": 0.0
		},
		{
			"idx": 9,
			"cx": -0.09463200533574007,
			"cy": 0.00877464269975423,
			"area": 0.0
		}
	],
	"undistort_blobs": [
		[
			726.7865583277588,
			474.66591959666835
		],
		[
			666.7444466621344,
			529.5379742866676
		],
		[
			594.0729244288627,
			477.05233218934245
		],
		[
			558.892599178098,
			523.0330418206197
		]
	],
	"distorted_2d": [
		[
			1671.1717334288642,
			1160.7878233036513
		],
		[
			1604.7450856722694,
			1252.848751117415
		],
		[
			1600.5425116339397,
			1257.9258464289815
		],
		[
			1539.7846223759489,
			1327.991852327405
		]
	]
}