{
	"position": "cam_100",
	"serial": "WMTD303A5006BW",
	"model_points": {
		"LED6": [
			715,
			475,
			12
		],
		"LED7": [
			646,
			528,
			12
		],
		"LED8": [
			576,
			468,
			12
		],
		"LED9": [
			558,
			514,
			12
		]
	},
	"camera_f": [
		714.938,
		714.938
	],
	"camera_c": [
		676.234,
		495.192
	],
	"camera_k": [
		0.074468,
		-0.024896,
		0.005643,
		-0.000568
	],
	"rvecs": [
		0.08141600494651255,
		2.692383668487588,
		-1.3710234983450604
	],
	"tvecs": [
		-0.011646133801219843,
		-0.015235111049810417,
		0.3024028683830205
	],
	"blobs": [
		{
			"idx": 6,
			"cx": 0.04011533533428248,
			"cy": -0.04111514231593,
			"area": 0.0
		},
		{
			"idx": 7,
			"cx": -0.021258669999921855,
			"cy": 0.014638509793358059,
			"area": 0.0
		},
		{
			"idx": 8,
			"cx": -0.0951801949344335,
			"cy": -0.03735481064337337,
			"area": 0.0
		},
		{
			"idx": 9,
			"cx": -0.12991630159617132,
			"cy": 0.010154504293221022,
			"area": 0.0
		}
	],
	"undistort_blobs": [
		[
			716.3304445506673,
			470.0992077895362
		],
		[
			647.7332238304057,
			524.6695379772184
		],
		[
			578.245592686858,
			470.38599687559685
		],
		[
			557.560739533156,
			514.6394118779425
		]
	],
	"distorted_2d": [
		[
			1704.3240393977871,
			1169.8866423034906
		],
		[
			1631.770035843394,
			1269.1844895033655
		],
		[
			1630.058375105607,
			1271.1004292256139
		],
		[
			1579.7587713482624,
			1329.1629451801728
		]
	]
}