{
	"position": "cam_110",
	"serial": "WMTD306N100AXM",
	"model_points": {
		"LED0": [
			678,
			486,
			12
		],
		"LED1": [
			645,
			495,
			12
		],
		"LED2": [
			618,
			467,
			12
		],
		"LED3": [
			589,
			504,
			12
		]
	},
	"camera_f": [
		712.623,
		712.623
	],
	"camera_c": [
		653.448,
		475.572
	],
	"camera_k": [
		0.072867,
		-0.026268,
		0.007135,
		-0.000997
	],
	"rvecs": [
		0.8493449169935198,
		-0.5505683444336683,
		0.3671891110394826
	],
	"tvecs": [
		0.020632302285141367,
		-0.003832747348690305,
		0.30145854498439095
	],
	"blobs": [
		{
			"idx": 0,
			"cx": 0.027884797108091074,
			"cy": 0.011612391497198744,
			"area": 0.0
		},
		{
			"idx": 1,
			"cx": -0.01981529886577518,
			"cy": 0.023837054597759262,
			"area": 0.0
		},
		{
			"idx": 2,
			"cx": -0.05447560571210772,
			"cy": -0.012372114688237618,
			"area": 0.0
		},
		{
			"idx": 3,
			"cx": -0.09196134648207983,
			"cy": 0.03947269838322715,
			"area": 0.0
		}
	],
	"undistort_blobs": [
		[
			677.6953964028436,
			482.7092671394634
		],
		[
			643.3340545644817,
			491.8046638996086
		],
		[
			616.3724853133989,
			465.98494721918354
		],
		[
			588.0752949877605,
			502.4636194491868
		]
	],
	"distorted_2d": [
		[
			1646.5316119278102,
			1182.9261668813867
		],
		[
			1622.0591403543986,
			1216.038749663825
		],
		[
			1625.9716417593352,
			1210.8114674856533
		],
		[
			1580.3585848826297,
			1267.5434556204614
		]
	]
}