{
	"position": "cam_000",
	"serial": "WMTD306A400T91",
	"model_points": {
		"LED3": [
			706,
			496,
			12
		],
		"LED4": [
			674,
			455,
			12
		],
		"LED5": [
			605,
			508,
			12
		],
		"LED6": [
			547,
			452,
			12
		]
	},
	"camera_f": [
		716.229,
		716.229
	],
	"camera_c": [
		661.222,
		493.271
	],
	"camera_k": [
		0.075759,
		-0.026343,
		0.006198,
		-0.000643
	],
	"rvecs": [
		0.42874196597680714,
		-2.251385824906153,
		1.2379611293832893
	],
	"tvecs": [
		-0.006140121900656049,
		-0.015978204425672375,
		0.3012688319848338
	],
	"blobs": [
		{
			"idx": 3,
			"cx": 0.05101117797549154,
			"cy": -0.004708731856642257,
			"area": 0.0
		},
		{
			"idx": 4,
			"cx": -0.008982484394761478,
			"cy": -0.05265278379940796,
			"area": 0.0
		},
		{
			"idx": 5,
			"cx": -0.08560684449418868,
			"cy": 0.0009962727549002915,
			"area": 0.0
		},
		{
			"idx": 6,
			"cx": -0.1302445522322414,
			"cy": -0.05471540950656026,
			"area": 0.0
		}
	],
	"undistort_blobs": [
		[
			704.2091373065803,
			496.13768712788675
		],
		[
			673.4014183112077,
			455.2398378296932
		],
		[
			605.9913558699631,
			503.5544976012646
		],
		[
			550.7901731731512,
			451.6743203206567
		]
	],
	"distorted_2d": [
		[
			1668.2522416498723,
			1202.7557659474355
		],
		[
			1681.7102172502223,
			1183.1520692932156
		],
		[
			1608.5965305993386,
			1280.501215703857
		],
		[
			1613.5961460771684,
			1274.263410670953
		]
	]
}