{
	"position": "cam_001",
	"serial": "WMTD306N100YUC",
	"model_points": {
		"LED3": [
			702,
			493,
			12
		],
		"LED4": [
			655,
			453,
			12
		],
		"LED5": [
			585,
			501,
			12
		],
		"LED6": [
			536,
			453,
			12
		]
	},
	"camera_f": [
		713.624,
		713.624
	],
	"camera_c": [
		645.13,
		462.774
	],
	"camera_k": [
		0.069461,
		-0.023398,
		0.005656,
		-0.000683
	],
	"rvecs": [
		0.6531932332399673,
		-1.831109147335934,
		1.0037476382236725
	],
	"tvecs": [
		0.02093393006938498,
		-0.007130360696858451,
		0.30276629682756195
	],
	"blobs": [
		{
			"idx": 3,
			"cx": 0.0622895804755227,
			"cy": 0.035801247221383566,
			"area": 0.0
		},
		{
			"idx": 4,
			"cx": 0.010205012385645883,
			"cy": -0.010566823464038512,
			"area": 0.0
		},
		{
			"idx": 5,
			"cx": -0.0704639323418404,
			"cy": 0.04551057136466309,
			"area": 0.0
		},
		{
			"idx": 6,
			"cx": -0.12854985496315532,
			"cy": -0.010415521392487878,
			"area": 0.0
		}
	],
	"undistort_blobs": [
		[
			700.9574320622543,
			489.90447965064254
		],
		[
			652.7612364734056,
			450.4945110186171
		],
		[
			584.7554060284206,
			496.9826776188906
		],
		[
			540.5549543823375,
			449.0405748487435
		]
	],
	"distorted_2d": [
		[
			1644.51990932359,
			1161.255207417732
		],
		[
			1648.572363630487,
			1155.2864405077912
		],
		[
			1574.1128475731707,
			1252.315025682278
		],
		[
			1582.8601744317866,
			1241.7491868262973
		]
	]
}