{
	"position": "cam_003",
	"serial": "WMTD303N1027HX",
	"model_points": {
		"LED14": [
			599,
			459,
			12
		],
		"LED13": [
			630,
			465,
			12
		],
		"LED12": [
			648,
			441,
			12
		],
		"LED11": [
			687,
			475,
			12
		]
	},
	"camera_f": [
		717.277,
		717.277
	],
	"camera_c": [
		647.811,
		485.478
	],
	"camera_k": [
		0.065902,
		-0.015672,
		0.00032,
		0.000556
	],
	"rvecs": [
		0.8843054273655594,
		0.564348873267115,
		-0.3865922576307138
	],
	"tvecs": [
		-0.03020911368797716,
		-0.017893184523602012,
		0.3063374994516912
	],
	"blobs": [
		{
			"idx": 14,
			"cx": -0.07524448530686643,
			"cy": -0.04177545828516974,
			"area": 0.0
		},
		{
			"idx": 13,
			"cx": -0.03152127809694059,
			"cy": -0.029645530157482006,
			"area": 0.0
		},
		{
			"idx": 12,
			"cx": -0.016625349309510172,
			"cy": -0.06968416353543615,
			"area": 0.0
		},
		{
			"idx": 11,
			"cx": 0.025593186851735828,
			"cy": -0.013778952661255438,
			"area": 0.0
		}
	],
	"undistort_blobs": [
		[
			596.8789364890825,
			460.4540090970322
		],
		[
			628.6065394522167,
			465.7545787942449
		],
		[
			644.5341248526589,
			438.9031367464775
		],
		[
			683.8770216624295,
			473.47281236772085
		]
	],
	"distorted_2d": [
		[
			1621.595635245315,
			1236.6907030872328
		],
		[
			1636.0247762200704,
			1217.6770183289143
		],
		[
			1664.3993213403355,
			1177.7358430088666
		],
		[
			1659.076070576767,
			1185.6134071691104
		]
	]
}