{
	"rvec": [
		1.2091997994231378,
		1.2091994570720603,
		-1.2091994570720586
	],
	"tvec": [
		-2.820862476937691e-08,
		-2.3560795980870353e-08,
		0.20000004768371582
	]
}