{
	"CAMERA_0": {
		"Vertex": [],
		"Project": [
			[
				640.0000610351562,
				480.0000915527344
			]
		],
		"OpenCV": [
			[
				639.9997656356762,
				479.999867638742
			]
		],
		"Obj_Util": [
			[
				640.0,
				480.0
			]
		],
		"points3D": [
			[
				0.05,
				0.0,
				0.0
			]
		]
	},
	"CAMERA_1": {
		"Vertex": [],
		"Project": [
			[
				322.34765625,
				479.9999694824219
			]
		],
		"OpenCV": [
			[
				322.34744144260486,
				480.0001721378698
			]
		],
		"Obj_Util": [
			[
				322.3474884033203,
				480.00017166137695
			]
		],
		"points3D": [
			[
				0.05,
				0.0,
				0.0
			]
		]
	}
}