{
	"rvec": [
		0.860440929991477,
		1.638335225822592,
		-1.6383351025270911
	],
	"tvec": [
		-6.70552182668871e-08,
		-5.168486083562129e-09,
		0.20000016689300537
	]
}