{
	"position": "cam_003",
	"serial": "WMTD303N1027HX",
	"model_points": {
		"LED14": [
			599,
			459,
			12
		],
		"LED13": [
			630,
			465,
			12
		],
		"LED12": [
			648,
			441,
			12
		],
		"LED11": [
			687,
			475,
			12
		]
	},
	"camera_f": [
		717.277,
		717.277
	],
	"camera_c": [
		647.811,
		485.478
	],
	"camera_k": [
		0.065902,
		-0.015672,
		0.00032,
		0.000556
	],
	"rvecs": [
		0.8843054273655594,
		0.564348873267115,
		-0.3865922576307138
	],
	"tvecs": [
		-0.03020911368797716,
		-0.017893184523602012,
		0.3063374994516912
	],
	"blobs": [
		{
			"idx": 14,
			"cx": -0.07524448530686643,
			"cy": -0.04177545828516974,
			"area": 0.0
		},
		{
			"idx": 13,
			"cx": -0.03152127809694059,
			"cy": -0.029645530157482006,
			"area": 0.0
		},
		{
			"idx": 12,
			"cx": -0.016625349309510172,
			"cy": -0.06968416353543615,
			"area": 0.0
		},
		{
			"idx": 11,
			"cx": 0.025593186851735828,
			"cy": -0.013778952661255438,
			"area": 0.0
		}
	],
	"undistort_blobs": [
		[
			-0.07387097995051273,
			-0.03518838042631712
		],
		[
			-0.02907920756224252,
			-0.02724330227623008
		],
		[
			-0.007353422096830734,
			-0.06555159707658711
		],
		[
			0.048298853611834544,
			-0.017311835033169614
		]
	],
	"distorted_2d": [
		[
			594.9196355998695,
			460.2832421529323
		],
		[
			626.9620038171826,
			465.94529767485244
		],
		[
			642.5426850824135,
			438.51395357336435
		],
		[
			682.4302958303279,
			473.0693506520105
		]
	]
}