{
	"position": "cam_011",
	"serial": "WMTD306L500Z8H",
	"model_points": {
		"LED14": [
			594,
			460,
			12
		],
		"LED13": [
			626,
			466,
			12
		],
		"LED12": [
			634,
			439,
			12
		],
		"LED11": [
			668,
			475,
			12
		]
	},
	"camera_f": [
		717.214,
		717.214
	],
	"camera_c": [
		642.858,
		474.687
	],
	"camera_k": [
		0.072943,
		-0.025317,
		0.006315,
		-0.000784
	],
	"rvecs": [
		0.940861943054309,
		0.24463255813822046,
		-0.17355900324911927
	],
	"tvecs": [
		-0.03663626593563294,
		-0.01501833205488885,
		0.3062853901156725
	],
	"blobs": [
		{
			"idx": 14,
			"cx": -0.08098462762393337,
			"cy": -0.0252762205102797,
			"area": 0.0
		},
		{
			"idx": 13,
			"cx": -0.03336279504125903,
			"cy": -0.016353958655298047,
			"area": 0.0
		},
		{
			"idx": 12,
			"cx": -0.01205753493593352,
			"cy": -0.056613009725492436,
			"area": 0.0
		},
		{
			"idx": 11,
			"cx": 0.044348893771799715,
			"cy": -0.004784443090467865,
			"area": 0.0
		}
	],
	"undistort_blobs": [
		[
			-0.07030224024710677,
			-0.021138087550457475
		],
		[
			-0.028743559311209685,
			-0.01163126190738379
		],
		[
			-0.013390589281929922,
			-0.0484978173310489
		],
		[
			0.030358237102878,
			0.0004822953419709527
		]
	],
	"distorted_2d": [
		[
			592.506857211887,
			459.54769774192556
		],
		[
			622.2478761497421,
			466.3469838645426
		],
		[
			633.2604059499197,
			439.92659078586036
		],
		[
			664.6261280246633,
			475.0328259685549
		]
	]
}