{
	"position": "cam_010",
	"serial": "WMTD3063300B55",
	"model_points": {
		"LED9": [
			690,
			513,
			12
		],
		"LED10": [
			641,
			465,
			12
		],
		"LED11": [
			602,
			504,
			12
		],
		"LED12": [
			586,
			465,
			12
		]
	},
	"camera_f": [
		714.923,
		714.923
	],
	"camera_c": [
		643.992,
		484.276
	],
	"camera_k": [
		0.075142,
		-0.029902,
		0.009263,
		-0.001366
	],
	"rvecs": [
		0.5756410904026474,
		1.8741519151804535,
		-1.078644047448022
	],
	"tvecs": [
		-0.009356259308175975,
		-0.007713483194749687,
		0.3049099753431737
	],
	"blobs": [
		{
			"idx": 9,
			"cx": 0.0515810324126649,
			"cy": 0.024024598699067097,
			"area": 0.0
		},
		{
			"idx": 10,
			"cx": -0.003918961123699395,
			"cy": -0.028373982674867945,
			"area": 0.0
		},
		{
			"idx": 11,
			"cx": -0.05397493084080262,
			"cy": 0.013462697834663815,
			"area": 0.0
		},
		{
			"idx": 12,
			"cx": -0.08381698022290585,
			"cy": -0.02899177248117732,
			"area": 0.0
		}
	],
	"undistort_blobs": [
		[
			0.06138408148648863,
			0.03668837997312466
		],
		[
			-0.007110670779375881,
			-0.028926000076749434
		],
		[
			-0.062216522114298685,
			0.024007067098690906
		],
		[
			-0.08665913208460559,
			-0.028109987742965213
		]
	],
	"distorted_2d": [
		[
			687.819054915461,
			510.4707984705996
		],
		[
			638.9095821157011,
			463.60087318387656
		],
		[
			599.5629675099649,
			501.4195292085068
		],
		[
			582.1697561402218,
			464.22245832081114
		]
	]
}