{
	"position": "cam_110",
	"serial": "WMTD306N100AXM",
	"model_points": {
		"LED0": [
			678,
			486,
			12
		],
		"LED1": [
			645,
			495,
			12
		],
		"LED2": [
			618,
			467,
			12
		],
		"LED3": [
			589,
			504,
			12
		]
	},
	"camera_f": [
		712.623,
		712.623
	],
	"camera_c": [
		653.448,
		475.572
	],
	"camera_k": [
		0.072867,
		-0.026268,
		0.007135,
		-0.000997
	],
	"rvecs": [
		0.8493449169935198,
		-0.5505683444336683,
		0.3671891110394826
	],
	"tvecs": [
		0.020632302285141367,
		-0.003832747348690305,
		0.30145854498439095
	],
	"blobs": [
		{
			"idx": 0,
			"cx": 0.027884797108091074,
			"cy": 0.011612391497198744,
			"area": 0.0
		},
		{
			"idx": 1,
			"cx": -0.01981529886577518,
			"cy": 0.023837054597759262,
			"area": 0.0
		},
		{
			"idx": 2,
			"cx": -0.05447560571210772,
			"cy": -0.012372114688237618,
			"area": 0.0
		},
		{
			"idx": 3,
			"cx": -0.09196134648207983,
			"cy": 0.03947269838322715,
			"area": 0.0
		}
	],
	"undistort_blobs": [
		[
			0.03351494739755995,
			0.01099658238427805
		],
		[
			-0.01482108096706476,
			0.022867899404261996
		],
		[
			-0.05172850315805025,
			-0.013670880434404595
		],
		[
			-0.09203610061597466,
			0.03805971806218969
		]
	],
	"distorted_2d": [
		[
			677.3237862474051,
			483.40587923437766
		],
		[
			642.8881991410999,
			491.8650399143613
		],
		[
			616.6125350980768,
			465.83707233582055
		],
		[
			588.0297601236865,
			502.6244256150964
		]
	]
}