{
	"position": "cam_101",
	"serial": "WMTD305L6003D6",
	"model_points": {
		"LED0": [
			686,
			480,
			12
		],
		"LED1": [
			655,
			487,
			12
		],
		"LED2": [
			622,
			457,
			12
		],
		"LED3": [
			588,
			492,
			12
		]
	},
	"camera_f": [
		716.896,
		716.896
	],
	"camera_c": [
		668.902,
		460.618
	],
	"camera_k": [
		0.07542,
		-0.026874,
		0.006662,
		-0.000775
	],
	"rvecs": [
		0.7284152166107297,
		-1.0109045152537184,
		0.7023245944640302
	],
	"tvecs": [
		0.004585508757286962,
		0.0015587717947800417,
		0.30454052114495284
	],
	"blobs": [
		{
			"idx": 0,
			"cx": 0.011058544448744892,
			"cy": 0.03230332749445198,
			"area": 0.0
		},
		{
			"idx": 1,
			"cx": -0.03560923636325645,
			"cy": 0.0419445433958793,
			"area": 0.0
		},
		{
			"idx": 2,
			"cx": -0.07673131875469615,
			"cy": 0.004400792857522268,
			"area": 0.0
		},
		{
			"idx": 3,
			"cx": -0.1231234361221157,
			"cy": 0.053699600800203424,
			"area": 0.0
		}
	],
	"undistort_blobs": [
		[
			0.0221814308920659,
			0.024793920761505755
		],
		[
			-0.020858327176290672,
			0.032748693302356746
		],
		[
			-0.06517261913069773,
			-0.008242372037312281
		],
		[
			-0.11704575955771539,
			0.04108479544474159
		]
	],
	"distorted_2d": [
		[
			684.7992418729235,
			478.38759102601176
		],
		[
			653.9545594306069,
			484.08628404430624
		],
		[
			622.2319267233858,
			454.7156423521808
		],
		[
			585.323439410317,
			489.95531284557865
		]
	]
}