{
	"position": "cam_001",
	"serial": "WMTD306N100YUC",
	"model_points": {
		"LED3": [
			702,
			493,
			12
		],
		"LED4": [
			655,
			453,
			12
		],
		"LED5": [
			585,
			501,
			12
		],
		"LED6": [
			536,
			453,
			12
		]
	},
	"camera_f": [
		713.624,
		713.624
	],
	"camera_c": [
		645.13,
		462.774
	],
	"camera_k": [
		0.069461,
		-0.023398,
		0.005656,
		-0.000683
	],
	"rvecs": [
		0.6531932332399673,
		-1.831109147335934,
		1.0037476382236725
	],
	"tvecs": [
		0.02093393006938498,
		-0.007130360696858451,
		0.30276629682756195
	],
	"blobs": [
		{
			"idx": 3,
			"cx": 0.0622895804755227,
			"cy": 0.035801247221383566,
			"area": 0.0
		},
		{
			"idx": 4,
			"cx": 0.010205012385645883,
			"cy": -0.010566823464038512,
			"area": 0.0
		},
		{
			"idx": 5,
			"cx": -0.0704639323418404,
			"cy": 0.04551057136466309,
			"area": 0.0
		},
		{
			"idx": 6,
			"cx": -0.12854985496315532,
			"cy": -0.010415521392487878,
			"area": 0.0
		}
	],
	"undistort_blobs": [
		[
			0.07745944253521375,
			0.03818822979386248
		],
		[
			0.00951725038057228,
			-0.017476403097641816
		],
		[
			-0.08572743654089349,
			0.04897995774530248
		],
		[
			-0.1483790203796486,
			-0.017458568456353078
		]
	],
	"distorted_2d": [
		[
			700.2984586754015,
			489.9725662214349
		],
		[
			651.9210287026849,
			450.30372231370035
		],
		[
			584.1095881260271,
			497.63771826553386
		],
		[
			539.8612232166912,
			450.3878679101293
		]
	]
}