{
	"position": "cam_100",
	"serial": "WMTD303A5006BW",
	"model_points": {
		"LED6": [
			715,
			475,
			12
		],
		"LED7": [
			646,
			528,
			12
		],
		"LED8": [
			576,
			468,
			12
		],
		"LED9": [
			558,
			514,
			12
		]
	},
	"camera_f": [
		714.938,
		714.938
	],
	"camera_c": [
		676.234,
		495.192
	],
	"camera_k": [
		0.074468,
		-0.024896,
		0.005643,
		-0.000568
	],
	"rvecs": [
		0.08141600494651255,
		2.692383668487588,
		-1.3710234983450604
	],
	"tvecs": [
		-0.011646133801219843,
		-0.015235111049810417,
		0.3024028683830205
	],
	"blobs": [
		{
			"idx": 6,
			"cx": 0.04011533533428248,
			"cy": -0.04111514231593,
			"area": 0.0
		},
		{
			"idx": 7,
			"cx": -0.021258669999921855,
			"cy": 0.014638509793358059,
			"area": 0.0
		},
		{
			"idx": 8,
			"cx": -0.0951801949344335,
			"cy": -0.03735481064337337,
			"area": 0.0
		},
		{
			"idx": 9,
			"cx": -0.12991630159617132,
			"cy": 0.010154504293221022,
			"area": 0.0
		}
	],
	"undistort_blobs": [
		[
			0.05213953535959233,
			-0.033163750209101284
		],
		[
			-0.04403993452024996,
			0.042777595733648935
		],
		[
			-0.14053463543512995,
			-0.03433568643750162
		],
		[
			-0.1691953890771134,
			0.02739804223106886
		]
	],
	"distorted_2d": [
		[
			713.4737440611132,
			471.5053759943181
		],
		[
			644.7788554570179,
			525.7455299191798
		],
		[
			576.3003872455135,
			470.77603178347715
		],
		[
			556.1792806424564,
			514.6326259469516
		]
	]
}