{
	"position": "cam_000",
	"serial": "WMTD306A400T91",
	"model_points": {
		"LED3": [
			706,
			496,
			12
		],
		"LED4": [
			674,
			455,
			12
		],
		"LED5": [
			605,
			508,
			12
		],
		"LED6": [
			547,
			452,
			12
		]
	},
	"camera_f": [
		716.229,
		716.229
	],
	"camera_c": [
		661.222,
		493.271
	],
	"camera_k": [
		0.075759,
		-0.026343,
		0.006198,
		-0.000643
	],
	"rvecs": [
		0.42874196597680714,
		-2.251385824906153,
		1.2379611293832893
	],
	"tvecs": [
		-0.006140121900656049,
		-0.015978204425672375,
		0.3012688319848338
	],
	"blobs": [
		{
			"idx": 3,
			"cx": 0.05101117797549154,
			"cy": -0.004708731856642257,
			"area": 0.0
		},
		{
			"idx": 4,
			"cx": -0.008982484394761478,
			"cy": -0.05265278379940796,
			"area": 0.0
		},
		{
			"idx": 5,
			"cx": -0.08560684449418868,
			"cy": 0.0009962727549002915,
			"area": 0.0
		},
		{
			"idx": 6,
			"cx": -0.1302445522322414,
			"cy": -0.05471540950656026,
			"area": 0.0
		}
	],
	"undistort_blobs": [
		[
			0.05930614584019994,
			0.003882628487591364
		],
		[
			0.014341451567487644,
			-0.05333472697728869
		],
		[
			-0.08000804715698615,
			0.015437610333941804
		],
		[
			-0.1583164845559043,
			-0.056398584729233786
		]
	],
	"distorted_2d": [
		[
			703.6601867983283,
			496.0493244163074
		],
		[
			671.4857026341083,
			455.1010996108903
		],
		[
			604.0156704653562,
			504.3090024931503
		],
		[
			548.6472817803842,
			453.16743907462677
		]
	]
}