{
	"position": "cam_002",
	"serial": "WMTD306A400RBB",
	"model_points": {
		"LED9": [
			683,
			497,
			12
		],
		"LED10": [
			633,
			456,
			12
		],
		"LED11": [
			593,
			493,
			12
		],
		"LED12": [
			560,
			456,
			12
		]
	},
	"camera_f": [
		716.571,
		716.571
	],
	"camera_c": [
		651.012,
		496.356
	],
	"camera_k": [
		0.070881,
		-0.024718,
		0.006349,
		-0.000814
	],
	"rvecs": [
		0.8081632733192537,
		1.6018335824622985,
		-0.8317695419303982
	],
	"tvecs": [
		-0.03331526028793563,
		-0.020632799871629623,
		0.3081612712159074
	],
	"blobs": [
		{
			"idx": 9,
			"cx": 0.03569200262168501,
			"cy": -0.008105768373928263,
			"area": 0.0
		},
		{
			"idx": 10,
			"cx": -0.019704768936691545,
			"cy": -0.06069884793570622,
			"area": 0.0
		},
		{
			"idx": 11,
			"cx": -0.07460140569695366,
			"cy": -0.016153901653239156,
			"area": 0.0
		},
		{
			"idx": 12,
			"cx": -0.11961104300563474,
			"cy": -0.05935876411163323,
			"area": 0.0
		}
	],
	"undistort_blobs": [
		[
			0.041582805841861546,
			0.0010270960142847172
		],
		[
			-0.02468256415778129,
			-0.059386598143410414
		],
		[
			-0.08601551016912602,
			-0.008207442489238851
		],
		[
			-0.13037889142250422,
			-0.057278271400025005
		]
	],
	"distorted_2d": [
		[
			680.7955115083247,
			497.09165324278354
		],
		[
			633.3443578364801,
			453.8474032999379
		],
		[
			589.4961966801704,
			490.4862746802977
		],
		[
			558.0795273225942,
			455.52875155652174
		]
	]
}