{
	"position": "cam_111",
	"serial": "WMTD304C3009ZF",
	"model_points": {
		"LED6": [
			727,
			478,
			12
		],
		"LED7": [
			667,
			535,
			12
		],
		"LED8": [
			593,
			480,
			12
		],
		"LED9": [
			557,
			526,
			12
		]
	},
	"camera_f": [
		716.969,
		716.969
	],
	"camera_c": [
		644.91,
		490.534
	],
	"camera_k": [
		0.069708,
		-0.023068,
		0.005478,
		-0.000664
	],
	"rvecs": [
		0.2971917374118816,
		2.445167870243452,
		-1.2588884429438443
	],
	"tvecs": [
		-0.016788720978823366,
		-0.01117936737631766,
		0.30201459896156246
	],
	"blobs": [
		{
			"idx": 6,
			"cx": 0.07276746171603626,
			"cy": -0.03535734827753324,
			"area": 0.0
		},
		{
			"idx": 7,
			"cx": 0.0021452401601061814,
			"cy": 0.019300382508065192,
			"area": 0.0
		},
		{
			"idx": 8,
			"cx": -0.06906293122359194,
			"cy": -0.03718780717960891,
			"area": 0.0
		},
		{
			"idx": 9,
			"cx": -0.09463200533574007,
			"cy": 0.00877464269975423,
			"area": 0.0
		}
	],
	"undistort_blobs": [
		[
			0.11086708276352306,
			-0.020301142513669122
		],
		[
			0.025399197964907836,
			0.056315330281249326
		],
		[
			-0.07528086896255289,
			-0.018036458802315213
		],
		[
			-0.12468599124653466,
			0.04547256711250569
		]
	],
	"distorted_2d": [
		[
			724.133424963761,
			476.0272050116191
		],
		[
			663.1021438052259,
			530.869784946074
		],
		[
			591.0210104025365,
			477.6227975369077
		],
		[
			555.9261704119377,
			522.9861072689743
		]
	]
}