{
	"serial": "WMTD306A400T91",
	"camera_f": [
		716.229,
		716.229
	],
	"camera_c": [
		661.222,
		493.271
	],
	"camera_k": [
		0.075759,
		-0.026343,
		0.006198,
		-0.000643
	]
}