{
	"serial": "WMTD302J600GA9",
	"camera_f": [
		714.193,
		714.193
	],
	"camera_c": [
		636.242,
		468.407
	],
	"camera_k": [
		0.072888,
		-0.024170,
		0.005435,
		-0.000575
	]
}