{
	"serial": "WMTD306A400RBB",
	"camera_f": [
		716.571,
		716.571
	],
	"camera_c": [
		651.012,
		496.356
	],
	"camera_k": [
		0.070881,
		-0.024718,
		0.006349,
		-0.000814
	]
}