{
	"serial": "WMTD305L6003D6",
	"camera_f": [
		716.896,
		716.896
	],
	"camera_c": [
		668.902,
		460.618
	],
	"camera_k": [
		0.07542,
		-0.026874,
		0.006662,
		-0.000775
	]
}