{	"serial": "WMTD304C3009ZF",
	"camera_f": [
		716.969,
		716.969
	],
	"camera_c": [
		644.91,
		490.534
	],
	"camera_k": [
		0.069708,
		-0.023068,
		0.005478,
		-0.000664
	]
}