{
	"serial": "WMTD3064400ESF",
	"camera_f": [
		713.134,
		713.134
	],
	"camera_c": [
		643.375,
		492.619
	],
	"camera_k": [
		0.053199,
		-0.018225,
		0.007705,
		-0.001462
	]
}