{"gyro_m":[0.9975608676,-0.0048889584,0.0021136714,-0.0012558327,0.0023285791,-0.9990521772,0.0032576735,1.0002486086,-0.0003168333],"acc_b":[-0.198899091,0.055772956,0.2930533637],"build_bash":"568eaa2725999b69cdda6f2f1c252427dafe3ebf","TrackedObject":{"JsonVersion":3,"Lensing":{"Model0":[4,0.00225126,-0.00488171,0.00377238,-0.000125422]},"GyroCalibration":[0.99682896,0.03128098,-0.01662264,-0.01996308,0.00242277,-0.99891613,-0.03276239,0.99977109,0.00028656,-0.00494024,0.0061796,-0.02030669],"ImuPosition":[0.005585638,-0.007119839,0.019845198],"ModelPoints":{"Point12":[-0.0330358,0.00367687,0.00049107,-0.7051038,-0.6950803,0.14032818,85.0,80.0,0.0],"Point11":[-0.04251656,0.02279988,-0.00400867,-0.9435189,-0.10477919,-0.31431419,85.0,80.0,0.0],"Point14":[-0.02017976,-0.00389472,-0.01494967,-0.49720891,-0.70839529,-0.5009585,85.0,80.0,0.0],"Point13":[-0.03025413,0.00386521,-0.01301121,-0.67315478,-0.5810967,-0.45737213,85.0,80.0,0.0],"Point10":[-0.0428927,0.03019741,0.01623565,-0.90904575,-0.17393345,0.37865945,85.0,80.0,0.0],"Point0":[0.0214806,-0.00338617,-0.01380133,0.52706841,-0.71386452,-0.46108171,85.0,80.0,0.0],"Point1":[0.03223277,0.00580554,-0.01203009,0.71941994,-0.53832866,-0.43890456,85.0,80.0,0.0],"Point2":[0.0370835,0.00934545,0.00329211,0.75763735,-0.6234486,0.19312559,85.0,80.0,0.0],"Point3":[0.04293056,0.02709616,-0.00203189,0.95565641,0.00827838,-0.29436762,85.0,80.0,0.0],"Point4":[0.04197369,0.03621398,0.01966288,0.89943476,-0.04857372,0.43434745,85.0,80.0,0.0],"Point5":[0.02990792,0.06134434,0.01653195,0.57938915,0.80424722,-0.13226727,85.0,80.0,0.0],"Point6":[0.01446365,0.06297244,0.03645012,0.32401356,0.5869508,0.74195955,85.0,80.0,0.0],"Point7":[-0.00784699,0.07117839,0.02062721,-0.14082806,0.97575588,-0.16753482,85.0,80.0,0.0],"Point8":[-0.03011023,0.05510449,0.03105209,-0.66436362,0.41503629,0.62158335,85.0,80.0,0.0],"Point9":[-0.03738725,0.0526542,0.0109222,-0.77126662,0.61174447,-0.17583089,85.0,80.0,0.0]},"BuildBash":"568eaa2725999b69cdda6f2f1c252427dafe3ebf","LedOnTime":35,"FlsVersion":"1.0.10","AccCalibration":[1.00372959,0.0328302,-0.01941772,-0.02065597,0.00023914,-1.00148819,-0.03162936,1.00241211,-0.00135042,-0.19889909,0.05577296,0.29305336]},"gyro_b":[-0.0049402365,0.0061796027,-0.020306689],"acc_m":[1.0044278688,-0.0033954254,-0.0005717568,-0.0018200465,0.000172573,-1.0016750592,0.004639166,1.0029438506,-0.0020536916]}
