{"gyro_m":[-0.0039356415,-0.9968840194,-0.0117334028,0.0049136773,0.0135953612,-0.9931251867,0.9987183108,-0.0059433116,0.0145741019],"acc_b":[-0.1534649036,-0.0488227395,-0.1853887673],"build_bash":"568eaa2725999b69cdda6f2f1c252427dafe3ebf","TrackedObject":{"JsonVersion":3,"Lensing":{"Model0":[4,0.00225126,-0.00488171,0.00377238,-0.000125422]},"GyroCalibration":[0.01264908,-0.99650147,-0.02736163,0.01897919,0.02967277,-0.9925024,0.99847769,0.01011155,0.02894876,0.0069216,-0.00553602,-0.00434071],"ImuPosition":[-0.005584116,-0.007119839,0.01985501],"ModelPoints":{"Point12":[0.03304973,0.00356362,0.0002965,0.7051038,-0.6950803,0.14032818,85.0,80.0,0.0],"Point11":[0.04221143,0.02285514,-0.00396752,0.9435189,-0.10477919,-0.31431419,85.0,80.0,0.0],"Point14":[0.02016397,-0.00415014,-0.01488726,0.49720891,-0.70839529,-0.5009585,85.0,80.0,0.0],"Point13":[0.0302229,0.0037782,-0.01307012,0.67315478,-0.5810967,-0.45737213,85.0,80.0,0.0],"Point10":[0.04270353,0.03023362,0.01622256,0.90904575,-0.17393345,0.37865945,85.0,80.0,0.0],"Point0":[-0.02160651,-0.00342903,-0.01387145,-0.52706841,-0.71386452,-0.46108171,85.0,80.0,0.0],"Point1":[-0.03193206,0.00572255,-0.0121337,-0.71941994,-0.53832866,-0.43890456,85.0,80.0,0.0],"Point2":[-0.03707899,0.00930854,0.00319688,-0.75763735,-0.6234486,0.19312559,85.0,80.0,0.0],"Point3":[-0.04286609,0.02717354,-0.00196727,-0.95565641,0.00827838,-0.29436762,85.0,80.0,0.0],"Point4":[-0.04170636,0.03584988,0.01993165,-0.89943476,-0.04857372,0.43434745,85.0,80.0,0.0],"Point5":[-0.02913154,0.06187207,0.01626444,-0.57938915,0.80424722,-0.13226727,85.0,80.0,0.0],"Point6":[-0.01448837,0.06300491,0.03665803,-0.32401356,0.5869508,0.74195955,85.0,80.0,0.0],"Point7":[0.00756746,0.07114425,0.02058987,0.14082806,0.97575588,-0.16753482,85.0,80.0,0.0],"Point8":[0.0299406,0.05522555,0.03115318,0.66436362,0.41503629,0.62158335,85.0,80.0,0.0],"Point9":[0.03710101,0.05282076,0.01101663,0.77126662,0.61174447,-0.17583089,85.0,80.0,0.0]},"BuildBash":"568eaa2725999b69cdda6f2f1c252427dafe3ebf","LedOnTime":35,"FlsVersion":"1.0.10","AccCalibration":[0.01151396,-0.99939131,-0.02537289,0.0232862,0.02745175,-1.00070001,1.00013364,0.0111309,0.02701867,-0.1534649,-0.04882274,-0.18538877]},"gyro_b":[0.0069216014,-0.0055360158,-0.0043407105],"acc_m":[-0.0051672897,-0.9997536903,-0.0095808074,0.0091778989,0.011314103,-1.0012615531,1.0004155022,-0.0050030951,0.012562394]}
