{
	"position": "cam_001",
	"serial": "WMTD306N100YUC",
	"model_points": {
		"LED3": [
			702,
			493,
			12
		],
		"LED4": [
			655,
			453,
			12
		],
		"LED5": [
			585,
			501,
			12
		],
		"LED6": [
			536,
			453,
			12
		]
	},
	"camera_f": [
		713.624,
		713.624
	],
	"camera_c": [
		645.13,
		462.774
	],
	"camera_k": [
		0.069461,
		-0.023398,
		0.005656,
		-0.000683
	],
	"rvecs": [
		0.6248395946764462,
		-1.8479472286975385,
		1.0417361362484039
	],
	"tvecs": [
		0.018870314609936645,
		-0.004202438968623214,
		0.3051658734019337
	],
	"blobs": [
		{
			"idx": 3,
			"cx": 0.0622895804755227,
			"cy": 0.035801247221383566,
			"area": 0.0
		},
		{
			"idx": 4,
			"cx": 0.010205012385645883,
			"cy": -0.010566823464038512,
			"area": 0.0
		},
		{
			"idx": 5,
			"cx": -0.0704639323418404,
			"cy": 0.04551057136466309,
			"area": 0.0
		},
		{
			"idx": 6,
			"cx": -0.12854985496315532,
			"cy": -0.010415521392487878,
			"area": 0.0
		}
	],
	"undistort_blobs": [
		[
			0.07651498820448942,
			0.04431874019557721
		],
		[
			0.008714100241232616,
			-0.010194443583332193
		],
		[
			-0.08553233434149056,
			0.0556866441508688
		],
		[
			-0.14824979446696127,
			-0.010597375491410875
		]
	],
	"distorted_2d": [
		[
			699.6206353710567,
			494.335872631382
		],
		[
			651.348295953638,
			455.49934564338935
		],
		[
			584.2591411267531,
			502.40455472914834
		],
		[
			539.946574742764,
			455.2551480722013
		]
	]
}