{
	"position": "cam_002",
	"serial": "WMTD306A400RBB",
	"model_points": {
		"LED9": [
			683,
			497,
			12
		],
		"LED10": [
			633,
			456,
			12
		],
		"LED11": [
			593,
			493,
			12
		],
		"LED12": [
			560,
			456,
			12
		]
	},
	"camera_f": [
		716.571,
		716.571
	],
	"camera_c": [
		651.012,
		496.356
	],
	"camera_k": [
		0.070881,
		-0.024718,
		0.006349,
		-0.000814
	],
	"rvecs": [
		0.8524808207890973,
		1.617704381268241,
		-0.7790935208868395
	],
	"tvecs": [
		-0.033710792269752765,
		-0.02273184462638432,
		0.3059838661630532
	],
	"blobs": [
		{
			"idx": 9,
			"cx": 0.03569200262168501,
			"cy": -0.008105768373928263,
			"area": 0.0
		},
		{
			"idx": 10,
			"cx": -0.019704768936691545,
			"cy": -0.06069884793570622,
			"area": 0.0
		},
		{
			"idx": 11,
			"cx": -0.07460140569695366,
			"cy": -0.016153901653239156,
			"area": 0.0
		},
		{
			"idx": 12,
			"cx": -0.11961104300563474,
			"cy": -0.05935876411163323,
			"area": 0.0
		}
	],
	"undistort_blobs": [
		[
			0.041854480129669566,
			0.0024417585613610896
		],
		[
			-0.023592061534004238,
			-0.05755091392113298
		],
		[
			-0.08520109087479288,
			-0.006721611427950703
		],
		[
			-0.13018854164332952,
			-0.056718500126227665
		]
	],
	"distorted_2d": [
		[
			680.9898803326258,
			498.1048867554171
		],
		[
			634.1237513305591,
			455.15849192921166
		],
		[
			590.0760711872398,
			491.5486949376441
		],
		[
			558.2124738409824,
			455.92655920801315
		]
	]
}