{
	"position": "cam_011",
	"serial": "WMTD306L500Z8H",
	"model_points": {
		"LED14": [
			594,
			460,
			12
		],
		"LED13": [
			626,
			466,
			12
		],
		"LED12": [
			634,
			439,
			12
		],
		"LED11": [
			668,
			475,
			12
		]
	},
	"camera_f": [
		717.214,
		717.214
	],
	"camera_c": [
		642.858,
		474.687
	],
	"camera_k": [
		0.072943,
		-0.025317,
		0.006315,
		-0.000784
	],
	"rvecs": [
		0.9298978547821635,
		0.2252342257584834,
		-0.13530671394207922
	],
	"tvecs": [
		-0.03642251005714203,
		-0.015138827065980034,
		0.30187915886337113
	],
	"blobs": [
		{
			"idx": 14,
			"cx": -0.08098462762393337,
			"cy": -0.0252762205102797,
			"area": 0.0
		},
		{
			"idx": 13,
			"cx": -0.03336279504125903,
			"cy": -0.016353958655298047,
			"area": 0.0
		},
		{
			"idx": 12,
			"cx": -0.01205753493593352,
			"cy": -0.056613009725492436,
			"area": 0.0
		},
		{
			"idx": 11,
			"cx": 0.044348893771799715,
			"cy": -0.004784443090467865,
			"area": 0.0
		}
	],
	"undistort_blobs": [
		[
			-0.06981808388339078,
			-0.02008058331684778
		],
		[
			-0.02851614745321809,
			-0.010270111796413385
		],
		[
			-0.012347909452429827,
			-0.046460328281273215
		],
		[
			0.029830338603928627,
			0.003220563456921443
		]
	],
	"distorted_2d": [
		[
			592.8521677995599,
			460.30467633860655
		],
		[
			622.4107103593749,
			467.32289336927886
		],
		[
			634.0072309977569,
			441.3850362165668
		],
		[
			664.2477231188439,
			476.9962919441801
		]
	]
}