{
	"position": "cam_110",
	"serial": "WMTD306N100AXM",
	"model_points": {
		"LED0": [
			678,
			486,
			12
		],
		"LED1": [
			645,
			495,
			12
		],
		"LED2": [
			618,
			467,
			12
		],
		"LED3": [
			589,
			504,
			12
		]
	},
	"camera_f": [
		712.623,
		712.623
	],
	"camera_c": [
		653.448,
		475.572
	],
	"camera_k": [
		0.072867,
		-0.026268,
		0.007135,
		-0.000997
	],
	"rvecs": [
		0.8706903680519984,
		-0.5545563731412883,
		0.3387488543665518
	],
	"tvecs": [
		0.02015276532678603,
		-0.0037407254665397876,
		0.3018399372583471
	],
	"blobs": [
		{
			"idx": 0,
			"cx": 0.027884797108091074,
			"cy": 0.011612391497198744,
			"area": 0.0
		},
		{
			"idx": 1,
			"cx": -0.01981529886577518,
			"cy": 0.023837054597759262,
			"area": 0.0
		},
		{
			"idx": 2,
			"cx": -0.05447560571210772,
			"cy": -0.012372114688237618,
			"area": 0.0
		},
		{
			"idx": 3,
			"cx": -0.09196134648207983,
			"cy": 0.03947269838322715,
			"area": 0.0
		}
	],
	"undistort_blobs": [
		[
			0.03181616527932296,
			0.014028679332742178
		],
		[
			-0.016364208085750082,
			0.02656956386524816
		],
		[
			-0.053281195395808854,
			-0.009673118438913011
		],
		[
			-0.09336935027832391,
			0.04122118902545444
		]
	],
	"distorted_2d": [
		[
			676.1137942734242,
			485.56601269424567
		],
		[
			641.7894454610862,
			494.5012819899968
		],
		[
			615.507563035089,
			468.68397247623005
		],
		[
			587.0906611901412,
			504.86778494606205
		]
	]
}