{
	"position": "cam_101",
	"serial": "WMTD305L6003D6",
	"model_points": {
		"LED0": [
			686,
			480,
			12
		],
		"LED1": [
			655,
			487,
			12
		],
		"LED2": [
			622,
			457,
			12
		],
		"LED3": [
			588,
			492,
			12
		]
	},
	"camera_f": [
		716.896,
		716.896
	],
	"camera_c": [
		668.902,
		460.618
	],
	"camera_k": [
		0.07542,
		-0.026874,
		0.006662,
		-0.000775
	],
	"rvecs": [
		0.7491888866823628,
		-1.0485103755453602,
		0.6951278695180968
	],
	"tvecs": [
		0.003564661185651483,
		0.0006862802024979178,
		0.3054243913576955
	],
	"blobs": [
		{
			"idx": 0,
			"cx": 0.011058544448744892,
			"cy": 0.03230332749445198,
			"area": 0.0
		},
		{
			"idx": 1,
			"cx": -0.03560923636325645,
			"cy": 0.0419445433958793,
			"area": 0.0
		},
		{
			"idx": 2,
			"cx": -0.07673131875469615,
			"cy": 0.004400792857522268,
			"area": 0.0
		},
		{
			"idx": 3,
			"cx": -0.1231234361221157,
			"cy": 0.053699600800203424,
			"area": 0.0
		}
	],
	"undistort_blobs": [
		[
			0.02118460810379126,
			0.02458002873953527
		],
		[
			-0.021248472216785518,
			0.033296090452309836
		],
		[
			-0.06565096324456134,
			-0.007300034033067546
		],
		[
			-0.11639026658922276,
			0.041414100300892306
		]
	],
	"distorted_2d": [
		[
			684.085038020681,
			478.2345407013126
		],
		[
			653.6751810361417,
			484.47823504885525
		],
		[
			621.8899647181286,
			455.3905145137171
		],
		[
			585.7888285687552,
			490.19141123830326
		]
	]
}