{
	"position": "cam_010",
	"serial": "WMTD3063300B55",
	"model_points": {
		"LED9": [
			690,
			513,
			12
		],
		"LED10": [
			641,
			465,
			12
		],
		"LED11": [
			602,
			504,
			12
		],
		"LED12": [
			586,
			465,
			12
		]
	},
	"camera_f": [
		714.923,
		714.923
	],
	"camera_c": [
		643.992,
		484.276
	],
	"camera_k": [
		0.075142,
		-0.029902,
		0.009263,
		-0.001366
	],
	"rvecs": [
		0.6189489921637239,
		1.8811483440698449,
		-1.0390925513775968
	],
	"tvecs": [
		-0.009685586298657073,
		-0.008321069663296186,
		0.30406662674852347
	],
	"blobs": [
		{
			"idx": 9,
			"cx": 0.0515810324126649,
			"cy": 0.024024598699067097,
			"area": 0.0
		},
		{
			"idx": 10,
			"cx": -0.003918961123699395,
			"cy": -0.028373982674867945,
			"area": 0.0
		},
		{
			"idx": 11,
			"cx": -0.05397493084080262,
			"cy": 0.013462697834663815,
			"area": 0.0
		},
		{
			"idx": 12,
			"cx": -0.08381698022290585,
			"cy": -0.02899177248117732,
			"area": 0.0
		}
	],
	"undistort_blobs": [
		[
			0.06479340347144154,
			0.042516288998278695
		],
		[
			-0.0040988530631757255,
			-0.02296237341634916
		],
		[
			-0.05938226839775981,
			0.029201488779193943
		],
		[
			-0.08427364865493171,
			-0.023953655083660805
		]
	],
	"distorted_2d": [
		[
			690.2426232105611,
			514.6248435151803
		],
		[
			641.0620472305178,
			467.86197672369644
		],
		[
			601.5861721193255,
			505.12925031262466
		],
		[
			583.8618972982559,
			467.1848242499112
		]
	]
}