{
	"position": "cam_111",
	"serial": "WMTD304C3009ZF",
	"model_points": {
		"LED6": [
			727,
			478,
			12
		],
		"LED7": [
			667,
			535,
			12
		],
		"LED8": [
			593,
			480,
			12
		],
		"LED9": [
			557,
			526,
			12
		]
	},
	"camera_f": [
		716.969,
		716.969
	],
	"camera_c": [
		644.91,
		490.534
	],
	"camera_k": [
		0.069708,
		-0.023068,
		0.005478,
		-0.000664
	],
	"rvecs": [
		0.336557041770086,
		2.4528642015184294,
		-1.2734662555862803
	],
	"tvecs": [
		-0.016609334320799796,
		-0.009881658569136725,
		0.30577927519847803
	],
	"blobs": [
		{
			"idx": 6,
			"cx": 0.07276746171603626,
			"cy": -0.03535734827753324,
			"area": 0.0
		},
		{
			"idx": 7,
			"cx": 0.0021452401601061814,
			"cy": 0.019300382508065192,
			"area": 0.0
		},
		{
			"idx": 8,
			"cx": -0.06906293122359194,
			"cy": -0.03718780717960891,
			"area": 0.0
		},
		{
			"idx": 9,
			"cx": -0.09463200533574007,
			"cy": 0.00877464269975423,
			"area": 0.0
		}
	],
	"undistort_blobs": [
		[
			0.10986274937970886,
			-0.020383720057472306
		],
		[
			0.02763083903370872,
			0.05751789205864122
		],
		[
			-0.0736611103434584,
			-0.012309541643898206
		],
		[
			-0.12055270723441655,
			0.0498297964818315
		]
	],
	"distorted_2d": [
		[
			723.4202356363498,
			475.9673641394094
		],
		[
			664.69922522396,
			531.7283524033874
		],
		[
			592.1747455795689,
			481.7213876545833
		],
		[
			558.862499699656,
			526.1012595506206
		]
	]
}