{
	"position": "cam_110",
	"serial": "WMTD306N100AXM",
	"model_points": {
		"LED0": [
			678,
			486,
			18
		],
		"LED1": [
			645,
			495,
			18
		],
		"LED2": [
			618,
			467,
			20
		],
		"LED3": [
			589,
			504,
			27
		]
	},
	"camera_f": [
		712.623,
		712.623
	],
	"camera_c": [
		653.448,
		475.572
	],
	"camera_k": [
		0.072867,
		-0.026268,
		0.007135,
		-0.000997
	],
	"rvecs": [
		0.8754916715144797,
		-0.5726540652492624,
		0.34027108571134407
	],
	"tvecs": [
		0.02033044101426396,
		-0.0051502104376153985,
		0.3007501898234525
	],
	"blobs": [
		{
			"idx": 0,
			"cx": 0.027884797108091074,
			"cy": 0.011612391497198744,
			"area": 0.0
		},
		{
			"idx": 1,
			"cx": -0.01981529886577518,
			"cy": 0.023837054597759262,
			"area": 0.0
		},
		{
			"idx": 2,
			"cx": -0.05447560571210772,
			"cy": -0.012372114688237618,
			"area": 0.0
		},
		{
			"idx": 3,
			"cx": -0.09196134648207983,
			"cy": 0.03947269838322715,
			"area": 0.0
		}
	],
	"undistort_blobs": [
		[
			0.033926115485001844,
			0.009975425052915777
		],
		[
			-0.014337615363878174,
			0.022735028064939853
		],
		[
			-0.052095008524761684,
			-0.01350271661247469
		],
		[
			-0.0919365435662454,
			0.037853563138765686
		]
	],
	"distorted_2d": [
		[
			1646.5140674958643,
			1182.9506290638724
		],
		[
			1622.0275467388592,
			1216.07986572715
		],
		[
			1625.9810623834178,
			1210.7989299465414
		],
		[
			1580.3637164736492,
			1267.5375094432184
		]
	]
}