{
	"position": "cam_100",
	"serial": "WMTD303A5006BW",
	"model_points": {
		"LED6": [
			715,
			475,
			12
		],
		"LED7": [
			646,
			528,
			12
		],
		"LED8": [
			576,
			468,
			12
		],
		"LED9": [
			558,
			514,
			12
		]
	},
	"camera_f": [
		714.938,
		714.938
	],
	"camera_c": [
		676.234,
		495.192
	],
	"camera_k": [
		0.074468,
		-0.024896,
		0.005643,
		-0.000568
	],
	"rvecs": [
		0.09260499009286816,
		2.7552494460328725,
		-1.2975680719085176
	],
	"tvecs": [
		-0.01070156365899641,
		-0.019650506844703524,
		0.3067598480232583
	],
	"blobs": [
		{
			"idx": 6,
			"cx": 0.04011533533428248,
			"cy": -0.04111514231593,
			"area": 0.0
		},
		{
			"idx": 7,
			"cx": -0.021258669999921855,
			"cy": 0.014638509793358059,
			"area": 0.0
		},
		{
			"idx": 8,
			"cx": -0.0951801949344335,
			"cy": -0.03735481064337337,
			"area": 0.0
		},
		{
			"idx": 9,
			"cx": -0.12991630159617132,
			"cy": 0.010154504293221022,
			"area": 0.0
		}
	],
	"undistort_blobs": [
		[
			0.05039486563277804,
			-0.03408341273294328
		],
		[
			-0.04326180699222396,
			0.041086827449785694
		],
		[
			-0.13803507363923714,
			-0.03387150383832122
		],
		[
			-0.1617533757410251,
			0.025131188708884877
		]
	],
	"distorted_2d": [
		[
			712.2287329111117,
			470.84778710019384
		],
		[
			645.3329519334767,
			524.5395034492892
		],
		[
			578.0595135685652,
			471.1016191546326
		],
		[
			561.3842287679206,
			513.0359013144725
		]
	]
}