{
	"position": "cam_003",
	"serial": "WMTD307P50197A",
	"model_points": {
		"LED0": [
			643,
			518,
			17
		],
		"LED1": [
			602,
			523,
			17
		],
		"LED2": [
			573,
			494,
			17
		],
		"LED3": [
			539,
			525,
			17
		]
	},
	"camera_f": [
		717.277,
		717.277
	],
	"camera_c": [
		647.811,
		485.478
	],
	"camera_k": [
		0.065902,
		-0.015672,
		0.00032,
		0.000556
	],
	"rvecs": [
		0.9005981630789233,
		0.5518769519489541,
		-0.35900325423519486
	],
	"tvecs": [
		-0.030285594176625387,
		-0.018728609374220537,
		0.3051746548131248
	],
	"blobs": [
		{
			"idx": 14,
			"cx": -0.07524448530686643,
			"cy": -0.04177545828516974,
			"area": 0.0
		},
		{
			"idx": 13,
			"cx": -0.03152127809694059,
			"cy": -0.029645530157482006,
			"area": 0.0
		},
		{
			"idx": 12,
			"cx": -0.016625349309510172,
			"cy": -0.06968416353543615,
			"area": 0.0
		},
		{
			"idx": 11,
			"cx": 0.025593186851735828,
			"cy": -0.013778952661255438,
			"area": 0.0
		}
	],
	"undistort_blobs": [
		[
			-0.0725875090513495,
			-0.035511841403712704
		],
		[
			-0.02820412366280616,
			-0.02797850156953334
		],
		[
			-0.00582855060958682,
			-0.06571200011162578
		],
		[
			0.04935547243183591,
			-0.017331875932581325
		]
	],
	"distorted_2d": [
		[
			1621.2775137283647,
			1237.100173133533
		],
		[
			1635.7093670638426,
			1218.1000554021314
		],
		[
			1664.3186838273205,
			1177.8515970272208
		],
		[
			1659.033332905647,
			1185.6733283438828
		]
	]
}