{
	"position": "cam_003",
	"serial": "WMTD303N1027HX",
	"model_points": {
		"LED14": [
			599,
			459,
			12
		],
		"LED13": [
			630,
			465,
			12
		],
		"LED12": [
			648,
			441,
			12
		],
		"LED11": [
			687,
			475,
			12
		]
	},
	"camera_f": [
		717.277,
		717.277
	],
	"camera_c": [
		647.811,
		485.478
	],
	"camera_k": [
		0.065902,
		-0.015672,
		0.00032,
		0.000556
	],
	"rvecs": [
		0.9117752943396067,
		0.5580125192851355,
		-0.3402438602215456
	],
	"tvecs": [
		-0.029033099526699545,
		-0.018770984754647974,
		0.3072436877253017
	],
	"blobs": [
		{
			"idx": 14,
			"cx": -0.07524448530686643,
			"cy": -0.04177545828516974,
			"area": 0.0
		},
		{
			"idx": 13,
			"cx": -0.03152127809694059,
			"cy": -0.029645530157482006,
			"area": 0.0
		},
		{
			"idx": 12,
			"cx": -0.016625349309510172,
			"cy": -0.06968416353543615,
			"area": 0.0
		},
		{
			"idx": 11,
			"cx": 0.025593186851735828,
			"cy": -0.013778952661255438,
			"area": 0.0
		}
	],
	"undistort_blobs": [
		[
			-0.068247852259233,
			-0.03376550621224063
		],
		[
			-0.0240338967728768,
			-0.025662981789332875
		],
		[
			-0.0014779466888972046,
			-0.06311717653666628
		],
		[
			0.05253298169982882,
			-0.014342586204934168
		]
	],
	"distorted_2d": [
		[
			598.9340936357494,
			461.29623558038867
		],
		[
			630.5777347606052,
			467.0766156473619
		],
		[
			646.7520308749563,
			440.25367512117737
		],
		[
			685.4618561255295,
			475.19854065471526
		]
	]
}