{
	"position": "cam_000",
	"serial": "WMTD306A400T91",
	"model_points": {
		"LED3": [
			706,
			496,
			12
		],
		"LED4": [
			674,
			455,
			12
		],
		"LED5": [
			605,
			508,
			12
		],
		"LED6": [
			547,
			452,
			12
		]
	},
	"camera_f": [
		716.229,
		716.229
	],
	"camera_c": [
		661.222,
		493.271
	],
	"camera_k": [
		0.075759,
		-0.026343,
		0.006198,
		-0.000643
	],
	"rvecs": [
		0.42893503116436665,
		-2.268765404089069,
		1.244623602925719
	],
	"tvecs": [
		-0.007026947334670197,
		-0.016137572541187098,
		0.30439161401398807
	],
	"blobs": [
		{
			"idx": 3,
			"cx": 0.05101117797549154,
			"cy": -0.004708731856642257,
			"area": 0.0
		},
		{
			"idx": 4,
			"cx": -0.008982484394761478,
			"cy": -0.05265278379940796,
			"area": 0.0
		},
		{
			"idx": 5,
			"cx": -0.08560684449418868,
			"cy": 0.0009962727549002915,
			"area": 0.0
		},
		{
			"idx": 6,
			"cx": -0.1302445522322414,
			"cy": -0.05471540950656026,
			"area": 0.0
		}
	],
	"undistort_blobs": [
		[
			0.05798628854699614,
			0.003828312660631023
		],
		[
			0.014100781943383567,
			-0.05142397679366501
		],
		[
			-0.07800459360438482,
			0.015585976818113493
		],
		[
			-0.1549644987395659,
			-0.05475094232823336
		]
	],
	"distorted_2d": [
		[
			702.7173818416167,
			496.0105665362033
		],
		[
			671.314000649327,
			456.46660083431
		],
		[
			605.4436868867093,
			504.4159781989295
		],
		[
			550.9962682979154,
			454.32683712014875
		]
	]
}