{"gyro_m":[0.0027744692,-0.9975520395,-0.0239966669,-0.0037466272,0.0196305891,-1.001086754,0.9980058359,0.0023166007,-0.0055791395],"acc_b":[0.0595723143,0.0042732681,-0.2459608788],"build_bash":"568eaa2725999b69cdda6f2f1c252427dafe3ebf","TrackedObject":{"JsonVersion":3,"Lensing":{"Model0":[4,0.00225126,-0.00488171,0.00377238,-0.000125422]},"GyroCalibration":[0.01014859,-0.99730299,-0.03259869,0.00629234,0.02825859,-1.00084783,0.99794529,0.00943354,0.00475438,-0.04115069,-0.01578266,-0.01910572],"ImuPosition":[-0.005584116,-0.007119839,0.01985501],"ModelPoints":{"Point12":[0.03312856,0.00362048,0.00054388,0.7051038,-0.6950803,0.14032818,85.0,80.0,0.0],"Point11":[0.04241829,0.02279471,-0.00395469,0.9435189,-0.10477919,-0.31431419,85.0,80.0,0.0],"Point14":[0.0203232,-0.00394217,-0.01493583,0.49720891,-0.70839529,-0.5009585,85.0,80.0,0.0],"Point13":[0.03053883,0.00385848,-0.01280509,0.67315478,-0.5810967,-0.45737213,85.0,80.0,0.0],"Point10":[0.04300698,0.03030788,0.01606427,0.90904575,-0.17393345,0.37865945,85.0,80.0,0.0],"Point0":[-0.02178264,-0.00333665,-0.01410337,-0.52706841,-0.71386452,-0.46108171,85.0,80.0,0.0],"Point1":[-0.03230231,0.00561478,-0.01218345,-0.71941994,-0.53832866,-0.43890456,85.0,80.0,0.0],"Point2":[-0.03723754,0.00916835,0.00315543,-0.75763735,-0.6234486,0.19312559,85.0,80.0,0.0],"Point3":[-0.04325305,0.02722416,-0.00188555,-0.95565641,0.00827838,-0.29436762,85.0,80.0,0.0],"Point4":[-0.04208678,0.03584325,0.02014166,-0.89943476,-0.04857372,0.43434745,85.0,80.0,0.0],"Point5":[-0.02920633,0.06189278,0.01616035,-0.57938915,0.80424722,-0.13226727,85.0,80.0,0.0],"Point6":[-0.01432877,0.06297212,0.03649284,-0.32401356,0.5869508,0.74195955,85.0,80.0,0.0],"Point7":[0.0075929,0.07095499,0.02061088,0.14082806,0.97575588,-0.16753482,85.0,80.0,0.0],"Point8":[0.03011323,0.05515006,0.03109827,0.66436362,0.41503629,0.62158335,85.0,80.0,0.0],"Point9":[0.03722613,0.05285023,0.01103283,0.77126662,0.61174447,-0.17583089,85.0,80.0,0.0]},"BuildBash":"568eaa2725999b69cdda6f2f1c252427dafe3ebf","LedOnTime":35,"FlsVersion":"1.0.10","AccCalibration":[0.00987233,-1.00062467,-0.0377385,0.00436695,0.0327698,-1.00046355,1.00092306,0.00984725,0.00430831,0.05957231,0.00427327,-0.24596088]},"gyro_b":[-0.04115069,-0.0157826625,-0.0191057226],"acc_m":[0.0024930015,-1.0009154543,-0.0291361877,-0.0057044173,0.0241087961,-1.0007419443,1.0009619144,0.002751111,-0.0060594447]}
