{"gyro_m":[0.9977880218,-0.005851753,0.0098307283,0.012780416,0.0018693601,-0.9997067223,0.0052262177,0.9993448396,-0.0014648518],"acc_b":[-0.2054769046,0.1054726163,0.0860339298],"build_bash":"568eaa2725999b69cdda6f2f1c252427dafe3ebf","TrackedObject":{"JsonVersion":3,"Lensing":{"Model0":[4,0.00225126,-0.00488171,0.00377238,-0.000125422]},"GyroCalibration":[0.997548,0.02528116,-0.00451299,-0.00145795,0.00060782,-0.99974238,-0.02583512,0.99904371,-0.00267102,-0.02868513,-0.01240776,-0.02723272],"ImuPosition":[0.005585638,-0.007119839,0.019845198],"ModelPoints":{"Point12":[-0.0328954,0.00366814,0.00013626,-0.7051038,-0.6950803,0.14032818,85.0,80.0,0.0],"Point11":[-0.04223752,0.02263689,-0.00388604,-0.9435189,-0.10477919,-0.31431419,85.0,80.0,0.0],"Point14":[-0.01995826,-0.00405684,-0.01469049,-0.49720891,-0.70839529,-0.5009585,85.0,80.0,0.0],"Point13":[-0.03015742,0.00385703,-0.01306287,-0.67315478,-0.5810967,-0.45737213,85.0,80.0,0.0],"Point10":[-0.04283925,0.03010512,0.01626783,-0.90904575,-0.17393345,0.37865945,85.0,80.0,0.0],"Point0":[0.02144129,-0.00332379,-0.01385279,0.52706841,-0.71386452,-0.46108171,85.0,80.0,0.0],"Point1":[0.03181243,0.00572996,-0.01212549,0.71941994,-0.53832866,-0.43890456,85.0,80.0,0.0],"Point2":[0.03695746,0.00930234,0.00311749,0.75763735,-0.6234486,0.19312559,85.0,80.0,0.0],"Point3":[0.04280492,0.02683869,-0.00209384,0.95565641,0.00827838,-0.29436762,85.0,80.0,0.0],"Point4":[0.04221166,0.03604763,0.01968631,0.89943476,-0.04857372,0.43434745,85.0,80.0,0.0],"Point5":[0.02987551,0.06156317,0.01661902,0.57938915,0.80424722,-0.13226727,85.0,80.0,0.0],"Point6":[0.01430017,0.06319538,0.03673563,0.32401356,0.5869508,0.74195955,85.0,80.0,0.0],"Point7":[-0.00781177,0.0713172,0.02063524,-0.14082806,0.97575588,-0.16753482,85.0,80.0,0.0],"Point8":[-0.03020112,0.05530284,0.03098005,-0.66436362,0.41503629,0.62158335,85.0,80.0,0.0],"Point9":[-0.03745344,0.05278968,0.0109661,-0.77126662,0.61174447,-0.17583089,85.0,80.0,0.0]},"BuildBash":"568eaa2725999b69cdda6f2f1c252427dafe3ebf","LedOnTime":35,"FlsVersion":"1.0.10","AccCalibration":[0.99722181,0.0251693,-0.00612335,-0.00353777,-0.00315583,-1.00359377,-0.02490142,1.00124028,-0.00592861,-0.2054769,0.10547262,0.08603393]},"gyro_b":[-0.0286851291,-0.0124077601,-0.027232719],"acc_m":[0.9974626153,-0.0059782683,0.0083776817,0.0106969879,-0.00189353,-1.0035836833,0.0061521098,1.0015419209,-0.0047657954]}
