{
	"position": "cam_011",
	"serial": "WMTD306L500Z8H",
	"model_points": {
		"LED14": [
			594,
			460,
			12
		],
		"LED13": [
			626,
			466,
			12
		],
		"LED12": [
			634,
			439,
			12
		],
		"LED11": [
			668,
			475,
			12
		]
	},
	"camera_f": [
		717.214,
		717.214
	],
	"camera_c": [
		642.858,
		474.687
	],
	"camera_k": [
		0.072943,
		-0.025317,
		0.006315,
		-0.000784
	],
	"rvecs": [
		0.940861943054309,
		0.24463255813822046,
		-0.17355900324911927
	],
	"tvecs": [
		-0.03663626593563294,
		-0.01501833205488885,
		0.3062853901156725
	],
	"blobs": [
		{
			"idx": 14,
			"cx": -0.08098462762393337,
			"cy": -0.0252762205102797,
			"area": 0.0
		},
		{
			"idx": 13,
			"cx": -0.03336279504125903,
			"cy": -0.016353958655298047,
			"area": 0.0
		},
		{
			"idx": 12,
			"cx": -0.01205753493593352,
			"cy": -0.056613009725492436,
			"area": 0.0
		},
		{
			"idx": 11,
			"cx": 0.044348893771799715,
			"cy": -0.004784443090467865,
			"area": 0.0
		}
	],
	"undistort_blobs": [
		[
			-0.0634610924204369,
			-0.021655024440641164
		],
		[
			-0.022325432984787827,
			-0.012541543929993175
		],
		[
			-0.006505257544295397,
			-0.048541502468862144
		],
		[
			0.03617670790552991,
			0.0008018702518204545
		]
	],
	"distorted_2d": [
		[
			597.3960108267288,
			459.1738651150053
		],
		[
			626.8486201458737,
			465.69356453698873
		],
		[
			638.1952495241743,
			439.89407870629054
		],
		[
			668.7955993556011,
			475.2619165839304
		]
	]
}