{
	"position": "cam_111",
	"serial": "WMTD304C3009ZF",
	"model_points": {
		"LED6": [
			727,
			478,
			12
		],
		"LED7": [
			667,
			535,
			12
		],
		"LED8": [
			593,
			480,
			12
		],
		"LED9": [
			557,
			526,
			12
		]
	},
	"camera_f": [
		716.969,
		716.969
	],
	"camera_c": [
		644.91,
		490.534
	],
	"camera_k": [
		0.069708,
		-0.023068,
		0.005478,
		-0.000664
	],
	"rvecs": [
		0.2971917374118816,
		2.445167870243452,
		-1.2588884429438443
	],
	"tvecs": [
		-0.016788720978823366,
		-0.01117936737631766,
		0.30201459896156246
	],
	"blobs": [
		{
			"idx": 6,
			"cx": 0.07276746171603626,
			"cy": -0.03535734827753324,
			"area": 0.0
		},
		{
			"idx": 7,
			"cx": 0.0021452401601061814,
			"cy": 0.019300382508065192,
			"area": 0.0
		},
		{
			"idx": 8,
			"cx": -0.06906293122359194,
			"cy": -0.03718780717960891,
			"area": 0.0
		},
		{
			"idx": 9,
			"cx": -0.09463200533574007,
			"cy": 0.00877464269975423,
			"area": 0.0
		}
	],
	"undistort_blobs": [
		[
			0.10827744739720074,
			-0.021142073755085526
		],
		[
			0.024086573824488606,
			0.05575414625431234
		],
		[
			-0.0775848020392409,
			-0.018048714581209106
		],
		[
			-0.12745531332128981,
			0.04622641310737775
		]
	],
	"distorted_2d": [
		[
			722.2937142055325,
			475.424185052348
		],
		[
			662.1625586753145,
			530.4691807630951
		],
		[
			589.3769103180165,
			477.6152213328087
		],
		[
			553.9680249780602,
			523.5174919911715
		]
	]
}