{
	"position": "cam_000",
	"serial": "WMTD306A400T91",
	"model_points": {
		"LED3": [
			706,
			496,
			12
		],
		"LED4": [
			674,
			455,
			12
		],
		"LED5": [
			605,
			508,
			12
		],
		"LED6": [
			547,
			452,
			12
		]
	},
	"camera_f": [
		716.229,
		716.229
	],
	"camera_c": [
		661.222,
		493.271
	],
	"camera_k": [
		0.075759,
		-0.026343,
		0.006198,
		-0.000643
	],
	"rvecs": [
		0.42874196597680714,
		-2.251385824906153,
		1.2379611293832893
	],
	"tvecs": [
		-0.006140121900656049,
		-0.015978204425672375,
		0.3012688319848338
	],
	"blobs": [
		{
			"idx": 3,
			"cx": 0.05101117797549154,
			"cy": -0.004708731856642257,
			"area": 0.0
		},
		{
			"idx": 4,
			"cx": -0.008982484394761478,
			"cy": -0.05265278379940796,
			"area": 0.0
		},
		{
			"idx": 5,
			"cx": -0.08560684449418868,
			"cy": 0.0009962727549002915,
			"area": 0.0
		},
		{
			"idx": 6,
			"cx": -0.1302445522322414,
			"cy": -0.05471540950656026,
			"area": 0.0
		}
	],
	"undistort_blobs": [
		[
			0.05617867151095171,
			0.003983685093852336
		],
		[
			0.013105895501710303,
			-0.05244642156822584
		],
		[
			-0.08042810991170402,
			0.015065566916907074
		],
		[
			-0.1583180922010823,
			-0.057296218460067744
		]
	],
	"distorted_2d": [
		[
			701.425959725558,
			496.12190250027226
		],
		[
			670.6017645005729,
			455.73559594130495
		],
		[
			603.7161499344402,
			504.04283379327734
		],
		[
			548.6490704444989,
			452.53021620941746
		]
	]
}