{
	"position": "cam_001",
	"serial": "WMTD306N100YUC",
	"model_points": {
		"LED3": [
			702,
			493,
			12
		],
		"LED4": [
			655,
			453,
			12
		],
		"LED5": [
			585,
			501,
			12
		],
		"LED6": [
			536,
			453,
			12
		]
	},
	"camera_f": [
		713.624,
		713.624
	],
	"camera_c": [
		645.13,
		462.774
	],
	"camera_k": [
		0.069461,
		-0.023398,
		0.005656,
		-0.000683
	],
	"rvecs": [
		0.6531932332399673,
		-1.831109147335934,
		1.0037476382236725
	],
	"tvecs": [
		0.02093393006938498,
		-0.007130360696858451,
		0.30276629682756195
	],
	"blobs": [
		{
			"idx": 3,
			"cx": 0.0622895804755227,
			"cy": 0.035801247221383566,
			"area": 0.0
		},
		{
			"idx": 4,
			"cx": 0.010205012385645883,
			"cy": -0.010566823464038512,
			"area": 0.0
		},
		{
			"idx": 5,
			"cx": -0.0704639323418404,
			"cy": 0.04551057136466309,
			"area": 0.0
		},
		{
			"idx": 6,
			"cx": -0.12854985496315532,
			"cy": -0.010415521392487878,
			"area": 0.0
		}
	],
	"undistort_blobs": [
		[
			0.0772301468420935,
			0.038078720897372985
		],
		[
			0.010171411598188473,
			-0.016572575045011056
		],
		[
			-0.08452109106637891,
			0.04861510477768929
		],
		[
			-0.14714619978841512,
			-0.018247274127673553
		]
	],
	"distorted_2d": [
		[
			700.1357822813454,
			489.89488370770005
		],
		[
			652.3878393386541,
			450.9485924896107
		],
		[
			584.9644538845113,
			497.3802064688003
		],
		[
			540.7267095425178,
			449.8271793308414
		]
	]
}