{
	"position": "cam_010",
	"serial": "WMTD3063300B55",
	"model_points": {
		"LED9": [
			690,
			513,
			12
		],
		"LED10": [
			641,
			465,
			12
		],
		"LED11": [
			602,
			504,
			12
		],
		"LED12": [
			586,
			465,
			12
		]
	},
	"camera_f": [
		714.923,
		714.923
	],
	"camera_c": [
		643.992,
		484.276
	],
	"camera_k": [
		0.075142,
		-0.029902,
		0.009263,
		-0.001366
	],
	"rvecs": [
		0.5756410904026474,
		1.8741519151804535,
		-1.078644047448022
	],
	"tvecs": [
		-0.009356259308175975,
		-0.007713483194749687,
		0.3049099753431737
	],
	"blobs": [
		{
			"idx": 9,
			"cx": 0.0515810324126649,
			"cy": 0.024024598699067097,
			"area": 0.0
		},
		{
			"idx": 10,
			"cx": -0.003918961123699395,
			"cy": -0.028373982674867945,
			"area": 0.0
		},
		{
			"idx": 11,
			"cx": -0.05397493084080262,
			"cy": 0.013462697834663815,
			"area": 0.0
		},
		{
			"idx": 12,
			"cx": -0.08381698022290585,
			"cy": -0.02899177248117732,
			"area": 0.0
		}
	],
	"undistort_blobs": [
		[
			0.06178158643717022,
			0.037006294863979945
		],
		[
			-0.007364239003404272,
			-0.028726711689694234
		],
		[
			-0.06293859351315431,
			0.024209657818969683
		],
		[
			-0.08785720997875122,
			-0.02825606122560493
		]
	],
	"distorted_2d": [
		[
			688.1020434239477,
			510.6972909953294
		],
		[
			638.7283312539911,
			463.74327497209805
		],
		[
			599.0484933763859,
			501.56375391707616
		],
		[
			581.3185551860951,
			464.1193766072293
		]
	]
}