{
	"position": "cam_100",
	"serial": "WMTD303A5006BW",
	"model_points": {
		"LED6": [
			715,
			475,
			12
		],
		"LED7": [
			646,
			528,
			12
		],
		"LED8": [
			576,
			468,
			12
		],
		"LED9": [
			558,
			514,
			12
		]
	},
	"camera_f": [
		714.938,
		714.938
	],
	"camera_c": [
		676.234,
		495.192
	],
	"camera_k": [
		0.074468,
		-0.024896,
		0.005643,
		-0.000568
	],
	"rvecs": [
		0.08141600494651255,
		2.692383668487588,
		-1.3710234983450604
	],
	"tvecs": [
		-0.011646133801219843,
		-0.015235111049810417,
		0.3024028683830205
	],
	"blobs": [
		{
			"idx": 6,
			"cx": 0.04011533533428248,
			"cy": -0.04111514231593,
			"area": 0.0
		},
		{
			"idx": 7,
			"cx": -0.021258669999921855,
			"cy": 0.014638509793358059,
			"area": 0.0
		},
		{
			"idx": 8,
			"cx": -0.0951801949344335,
			"cy": -0.03735481064337337,
			"area": 0.0
		},
		{
			"idx": 9,
			"cx": -0.12991630159617132,
			"cy": 0.010154504293221022,
			"area": 0.0
		}
	],
	"undistort_blobs": [
		[
			0.049824976422437446,
			-0.03411513240606636
		],
		[
			-0.04612276196816218,
			0.042054332057865754
		],
		[
			-0.14391249113961874,
			-0.03427763261993751
		],
		[
			-0.17325360825766756,
			0.02809581985007681
		]
	],
	"distorted_2d": [
		[
			711.8221925502444,
			470.8247852390627
		],
		[
			643.292289928964,
			525.2279639094806
		],
		[
			573.9234717909885,
			470.82328348811694
		],
		[
			553.3444641305233,
			515.1204868925411
		]
	]
}