{
	"position": "cam_003",
	"serial": "WMTD303N1027HX",
	"model_points": {
		"LED14": [
			599,
			459,
			12
		],
		"LED13": [
			630,
			465,
			12
		],
		"LED12": [
			648,
			441,
			12
		],
		"LED11": [
			687,
			475,
			12
		]
	},
	"camera_f": [
		717.277,
		717.277
	],
	"camera_c": [
		647.811,
		485.478
	],
	"camera_k": [
		0.065902,
		-0.015672,
		0.00032,
		0.000556
	],
	"rvecs": [
		0.8843054273655594,
		0.564348873267115,
		-0.3865922576307138
	],
	"tvecs": [
		-0.03020911368797716,
		-0.017893184523602012,
		0.3063374994516912
	],
	"blobs": [
		{
			"idx": 14,
			"cx": -0.07524448530686643,
			"cy": -0.04177545828516974,
			"area": 0.0
		},
		{
			"idx": 13,
			"cx": -0.03152127809694059,
			"cy": -0.029645530157482006,
			"area": 0.0
		},
		{
			"idx": 12,
			"cx": -0.016625349309510172,
			"cy": -0.06968416353543615,
			"area": 0.0
		},
		{
			"idx": 11,
			"cx": 0.025593186851735828,
			"cy": -0.013778952661255438,
			"area": 0.0
		}
	],
	"undistort_blobs": [
		[
			-0.06731550891080723,
			-0.035927529881246534
		],
		[
			-0.022687722947980507,
			-0.028292421063691873
		],
		[
			-0.0005259667689187278,
			-0.06607946422096884
		],
		[
			0.05454992550739407,
			-0.017415771547878205
		]
	],
	"distorted_2d": [
		[
			599.6021198070702,
			459.74803061110555
		],
		[
			631.5433385552853,
			465.19163065519
		],
		[
			647.4341758568285,
			438.1359644233162
		],
		[
			686.904145516728,
			472.99700602843154
		]
	]
}