{
	"position": "cam_002",
	"serial": "WMTD306A400RBB",
	"model_points": {
		"LED9": [
			683,
			497,
			12
		],
		"LED10": [
			633,
			456,
			12
		],
		"LED11": [
			593,
			493,
			12
		],
		"LED12": [
			560,
			456,
			12
		]
	},
	"camera_f": [
		716.571,
		716.571
	],
	"camera_c": [
		651.012,
		496.356
	],
	"camera_k": [
		0.070881,
		-0.024718,
		0.006349,
		-0.000814
	],
	"rvecs": [
		0.8081632733192537,
		1.6018335824622985,
		-0.8317695419303982
	],
	"tvecs": [
		-0.03331526028793563,
		-0.020632799871629623,
		0.3081612712159074
	],
	"blobs": [
		{
			"idx": 9,
			"cx": 0.03569200262168501,
			"cy": -0.008105768373928263,
			"area": 0.0
		},
		{
			"idx": 10,
			"cx": -0.019704768936691545,
			"cy": -0.06069884793570622,
			"area": 0.0
		},
		{
			"idx": 11,
			"cx": -0.07460140569695366,
			"cy": -0.016153901653239156,
			"area": 0.0
		},
		{
			"idx": 12,
			"cx": -0.11961104300563474,
			"cy": -0.05935876411163323,
			"area": 0.0
		}
	],
	"undistort_blobs": [
		[
			0.04339733114840157,
			0.0012704890362331964
		],
		[
			-0.02252413541251573,
			-0.05930160990783159
		],
		[
			-0.08456676111213342,
			-0.007884973511909529
		],
		[
			-0.12915728089060977,
			-0.05750841207059585
		]
	],
	"distorted_2d": [
		[
			682.0938964534885,
			497.2659455571232
		],
		[
			634.8888763195715,
			453.90699259165314
		],
		[
			590.5283105070253,
			490.7165231738473
		],
		[
			558.9433288791613,
			455.3616167093379
		]
	]
}