{
	"position": "cam_110",
	"serial": "WMTD306N100AXM",
	"model_points": {
		"LED0": [
			678,
			486,
			12
		],
		"LED1": [
			645,
			495,
			12
		],
		"LED2": [
			618,
			467,
			12
		],
		"LED3": [
			589,
			504,
			12
		]
	},
	"camera_f": [
		712.623,
		712.623
	],
	"camera_c": [
		653.448,
		475.572
	],
	"camera_k": [
		0.072867,
		-0.026268,
		0.007135,
		-0.000997
	],
	"rvecs": [
		0.8493449169935198,
		-0.5505683444336683,
		0.3671891110394826
	],
	"tvecs": [
		0.020632302285141367,
		-0.003832747348690305,
		0.30145854498439095
	],
	"blobs": [
		{
			"idx": 0,
			"cx": 0.027884797108091074,
			"cy": 0.011612391497198744,
			"area": 0.0
		},
		{
			"idx": 1,
			"cx": -0.01981529886577518,
			"cy": 0.023837054597759262,
			"area": 0.0
		},
		{
			"idx": 2,
			"cx": -0.05447560571210772,
			"cy": -0.012372114688237618,
			"area": 0.0
		},
		{
			"idx": 3,
			"cx": -0.09196134648207983,
			"cy": 0.03947269838322715,
			"area": 0.0
		}
	],
	"undistort_blobs": [
		[
			0.04057761178558784,
			0.010206619080401715
		],
		[
			-0.007739633755743694,
			0.02283936618727349
		],
		[
			-0.045697805744638754,
			-0.013196819787203894
		],
		[
			-0.08579451090346947,
			0.03816415128805866
		]
	],
	"distorted_2d": [
		[
			682.3513623504323,
			482.8421570317272
		],
		[
			647.9333942165559,
			491.8453928815515
		],
		[
			620.9018662114365,
			466.173179742021
		],
		[
			592.448791011217,
			502.7064054040837
		]
	]
}