{
	"CAMERA_0": {
		"Vertex": [],
		"Project": [
			[
				587.9451293945312,
				499.01483154296875
			],
			[
				587.9451293945312,
				592.7862548828125
			],
			[
				653.4480590820312,
				594.3424682617188
			],
			[
				743.5792236328125,
				591.2974243164062
			],
			[
				472.00665283203125,
				566.6419677734375
			],
			[
				836.0367431640625,
				495.1622619628906
			]
		],
		"OpenCV": [
			[
				588.1183351539316,
				499.09652645235224
			],
			[
				588.3007777937949,
				592.6851330948808
			],
			[
				653.6790542414533,
				594.1108595435446
			],
			[
				743.628609723166,
				590.896351809105
			],
			[
				472.53743211450444,
				566.8174103471088
			],
			[
				835.7187951968532,
				494.7687384045904
			]
		],
		"Obj_Util": [
			[
				587.9450988769531,
				499.0148448944092
			],
			[
				587.9450988769531,
				592.7862739562988
			],
			[
				653.4479522705078,
				594.3424701690674
			],
			[
				743.5791778564453,
				591.2974262237549
			],
			[
				472.00660705566406,
				566.642017364502
			],
			[
				836.0366821289062,
				495.1622772216797
			]
		],
		"points3D": [
			[
				0.04800851,
				-0.01397077,
				-0.005
			],
			[
				0.04800851,
				-0.01397077,
				-0.025
			],
			[
				0.05,
				0.0,
				-0.025
			],
			[
				0.04605305,
				0.01947092,
				-0.025
			],
			[
				0.00437495,
				-0.04980823,
				-0.025
			],
			[
				0.01811789,
				0.04660195,
				-0.005
			]
		]
	},
	"CAMERA_1": {
		"Vertex": [],
		"Project": [
			[
				489.4635925292969,
				496.7300109863281
			],
			[
				489.4635925292969,
				581.3621215820312
			],
			[
				526.1170043945312,
				587.73583984375
			],
			[
				605.7461547851562,
				593.5302734375
			],
			[
				515.502685546875,
				554.8685913085938
			],
			[
				779.6066284179688,
				498.0334777832031
			]
		],
		"OpenCV": [
			[
				489.46353116364793,
				496.7301041359641
			],
			[
				489.46355825110294,
				581.3622125381877
			],
			[
				526.1169578372596,
				587.7358794281987
			],
			[
				605.7460810169426,
				593.5302722260042
			],
			[
				515.5026695209054,
				554.8686817967301
			],
			[
				779.6065761240254,
				498.0335182967222
			]
		],
		"Obj_Util": [
			[
				489.4635009765625,
				496.73011779785156
			],
			[
				489.4635009765625,
				581.3622379302979
			],
			[
				526.1169052124023,
				587.7359104156494
			],
			[
				605.7460403442383,
				593.5302829742432
			],
			[
				515.5026245117188,
				554.8687076568604
			],
			[
				779.6065521240234,
				498.03354263305664
			]
		],
		"points3D": [
			[
				0.04800851,
				-0.01397077,
				-0.005
			],
			[
				0.04800851,
				-0.01397077,
				-0.025
			],
			[
				0.05,
				0.0,
				-0.025
			],
			[
				0.04605305,
				0.01947092,
				-0.025
			],
			[
				0.00437495,
				-0.04980823,
				-0.025
			],
			[
				0.01811789,
				0.04660195,
				-0.005
			]
		]
	}
}