{
	"CAMERA_0": {
		"Vertex": [],
		"Project": [
			[
				587.9451293945312,
				499.0148620605469
			],
			[
				587.945068359375,
				592.7862548828125
			],
			[
				653.447998046875,
				594.3424682617188
			],
			[
				743.5791625976562,
				591.29736328125
			],
			[
				472.0066223144531,
				566.6419677734375
			],
			[
				836.0366821289062,
				495.1622619628906
			]
		],
		"OpenCV": [
			[
				588.1912505663341,
				499.13075443769594
			],
			[
				588.4502956613737,
				592.6423970254173
			],
			[
				653.7760774829353,
				594.0133374627964
			],
			[
				743.6491654851899,
				590.7277021621708
			],
			[
				472.76075817249455,
				566.8908440227488
			],
			[
				835.5849325724569,
				494.60346486658347
			]
		],
		"Obj_Util": [
			[
				587.9451751708984,
				499.01493072509766
			],
			[
				587.9451751708984,
				592.7863597869873
			],
			[
				653.4481048583984,
				594.3425846099854
			],
			[
				743.5792541503906,
				591.2975120544434
			],
			[
				472.0066833496094,
				566.6420745849609
			],
			[
				836.0367584228516,
				495.16236305236816
			]
		],
		"points3D": [
			[
				0.04800851,
				-0.01397077,
				-0.005
			],
			[
				0.04800851,
				-0.01397077,
				-0.025
			],
			[
				0.05,
				0.0,
				-0.025
			],
			[
				0.04605305,
				0.01947092,
				-0.025
			],
			[
				0.00437495,
				-0.04980823,
				-0.025
			],
			[
				0.01811789,
				0.04660195,
				-0.005
			]
		]
	},
	"CAMERA_1": {
		"Vertex": [],
		"Project": [
			[
				489.4635925292969,
				496.7300109863281
			],
			[
				489.4635925292969,
				581.3621215820312
			],
			[
				526.1170043945312,
				587.73583984375
			],
			[
				605.7461547851562,
				593.5302734375
			],
			[
				515.502685546875,
				554.8685913085938
			],
			[
				779.6066284179688,
				498.0334777832031
			]
		],
		"OpenCV": [
			[
				489.46353116364793,
				496.7301041359641
			],
			[
				489.46355825110294,
				581.3622125381877
			],
			[
				526.1169578372596,
				587.7358794281987
			],
			[
				605.7460810169426,
				593.5302722260042
			],
			[
				515.5026695209054,
				554.8686817967301
			],
			[
				779.6065761240254,
				498.0335182967222
			]
		],
		"Obj_Util": [
			[
				489.4635009765625,
				496.73011779785156
			],
			[
				489.4635009765625,
				581.3622379302979
			],
			[
				526.1169052124023,
				587.7359104156494
			],
			[
				605.7460403442383,
				593.5302829742432
			],
			[
				515.5026245117188,
				554.8687076568604
			],
			[
				779.6065521240234,
				498.03354263305664
			]
		],
		"points3D": [
			[
				0.04800851,
				-0.01397077,
				-0.005
			],
			[
				0.04800851,
				-0.01397077,
				-0.025
			],
			[
				0.05,
				0.0,
				-0.025
			],
			[
				0.04605305,
				0.01947092,
				-0.025
			],
			[
				0.00437495,
				-0.04980823,
				-0.025
			],
			[
				0.01811789,
				0.04660195,
				-0.005
			]
		]
	}
}