{
	"CAMERA_0": {
		"Vertex": [],
		"Project": [
			[
				587.9451293945312,
				499.01483154296875
			],
			[
				587.9451293945312,
				592.7862548828125
			],
			[
				653.4480590820312,
				594.3424682617188
			],
			[
				743.5792846679688,
				591.2974243164062
			],
			[
				472.00665283203125,
				566.6419677734375
			],
			[
				836.0367431640625,
				495.1622619628906
			]
		],
		"OpenCV": [
			[
				588.11832955854,
				499.09652846720127
			],
			[
				588.3007722140294,
				592.685143125463
			],
			[
				653.6790542612455,
				594.1108696962381
			],
			[
				743.6286174470117,
				590.8963616864801
			],
			[
				472.53741661977267,
				566.8174181621564
			],
			[
				835.718810808095,
				494.7687400487693
			]
		],
		"Obj_Util": [
			[
				587.9450988769531,
				499.0148448944092
			],
			[
				587.9450988769531,
				592.7862739562988
			],
			[
				653.4479522705078,
				594.3424701690674
			],
			[
				743.5791778564453,
				591.2974262237549
			],
			[
				472.00660705566406,
				566.642017364502
			],
			[
				836.0366821289062,
				495.1622772216797
			]
		],
		"points3D": [
			[
				0.04800851,
				-0.01397077,
				-0.005
			],
			[
				0.04800851,
				-0.01397077,
				-0.025
			],
			[
				0.05,
				0.0,
				-0.025
			],
			[
				0.04605305,
				0.01947092,
				-0.025
			],
			[
				0.00437495,
				-0.04980823,
				-0.025
			],
			[
				0.01811789,
				0.04660195,
				-0.005
			]
		]
	},
	"CAMERA_1": {
		"Vertex": [],
		"Project": [
			[
				489.4635314941406,
				496.7300109863281
			],
			[
				489.4635925292969,
				581.3621215820312
			],
			[
				526.1170043945312,
				587.73583984375
			],
			[
				605.7461547851562,
				593.5302734375
			],
			[
				515.502685546875,
				554.86865234375
			],
			[
				779.606689453125,
				498.0334777832031
			]
		],
		"OpenCV": [
			[
				489.4634913006529,
				496.7301059481198
			],
			[
				489.4635183881121,
				581.3622215989653
			],
			[
				526.1169194105705,
				587.7358890348723
			],
			[
				605.7460516637449,
				593.530282328961
			],
			[
				515.5026536126649,
				554.8686885883764
			],
			[
				779.6065801125092,
				498.0335202205199
			]
		],
		"Obj_Util": [
			[
				489.4635009765625,
				496.73011779785156
			],
			[
				489.4635009765625,
				581.3622379302979
			],
			[
				526.1169052124023,
				587.7359104156494
			],
			[
				605.7460403442383,
				593.5302829742432
			],
			[
				515.5026245117188,
				554.8687076568604
			],
			[
				779.6065521240234,
				498.03354263305664
			]
		],
		"points3D": [
			[
				0.04800851,
				-0.01397077,
				-0.005
			],
			[
				0.04800851,
				-0.01397077,
				-0.025
			],
			[
				0.05,
				0.0,
				-0.025
			],
			[
				0.04605305,
				0.01947092,
				-0.025
			],
			[
				0.00437495,
				-0.04980823,
				-0.025
			],
			[
				0.01811789,
				0.04660195,
				-0.005
			]
		]
	}
}