{
	"CAMERA_0": {
		"Vertex": [],
		"Project": [
			[
				641.4444580078125,
				776.2960205078125
			],
			[
				557.1931762695312,
				302.80572509765625
			],
			[
				861.62255859375,
				537.7864379882812
			],
			[
				1001.0107421875,
				753.636474609375
			],
			[
				1028.1693115234375,
				318.8004455566406
			],
			[
				1088.096435546875,
				529.977783203125
			],
			[
				193.57864379882812,
				703.2484741210938
			],
			[
				186.41427612304688,
				343.2327880859375
			],
			[
				212.68499755859375,
				531.7357177734375
			],
			[
				309.6907653808594,
				758.1862182617188
			],
			[
				283.8995056152344,
				315.3424072265625
			],
			[
				489.8976745605469,
				538.6077270507812
			]
		],
		"OpenCV": [
			[
				642.258667897587,
				775.470945085724
			],
			[
				556.9326945121732,
				303.52501650479724
			],
			[
				861.1680059885756,
				537.0137996442386
			],
			[
				1000.7664388273727,
				751.8808106530413
			],
			[
				1026.6483966385865,
				318.1743575451202
			],
			[
				1086.9930025328158,
				528.6011009717249
			],
			[
				195.4316938879279,
				703.8630526056513
			],
			[
				187.29253305411754,
				344.8644528369441
			],
			[
				214.01131537109347,
				532.772651096664
			],
			[
				311.3739137496241,
				758.327814460151
			],
			[
				284.4306665172019,
				316.78197814010605
			],
			[
				490.4750543542373,
				538.8597616011735
			]
		],
		"Obj_Util": [
			[
				641.4445495605469,
				776.2961339950562
			],
			[
				557.1932601928711,
				302.8058624267578
			],
			[
				861.6226959228516,
				537.7865409851074
			],
			[
				1001.0109710693359,
				753.6365461349487
			],
			[
				1028.1694030761719,
				318.8005828857422
			],
			[
				1088.0966186523438,
				529.9778366088867
			],
			[
				193.5788345336914,
				703.2486248016357
			],
			[
				186.41441345214844,
				343.2330322265625
			],
			[
				212.6852035522461,
				531.7359352111816
			],
			[
				309.6908950805664,
				758.1863451004028
			],
			[
				283.89963150024414,
				315.34257888793945
			],
			[
				489.89776611328125,
				538.6078834533691
			]
		],
		"points3D": [
			[
				0.04999985,
				0.00012187,
				-0.025
			],
			[
				0.04950618,
				-0.00700984,
				0.015
			],
			[
				0.04617661,
				0.01917604,
				-0.005
			],
			[
				0.03757846,
				0.03298272,
				-0.025
			],
			[
				0.03457373,
				0.03612004,
				0.015
			],
			[
				0.02214263,
				0.04482972,
				-0.005
			],
			[
				0.00091937,
				-0.04999155,
				-0.025
			],
			[
				0.00502158,
				-0.0497472,
				0.015
			],
			[
				0.02818659,
				-0.04129789,
				-0.005
			],
			[
				0.04023491,
				-0.0296842,
				-0.025
			],
			[
				0.03804787,
				-0.03244009,
				0.015
			],
			[
				0.04833233,
				-0.0128057,
				-0.005
			]
		]
	},
	"CAMERA_1": {
		"Vertex": [],
		"Project": [
			[
				323.3340148925781,
				759.9364013671875
			],
			[
				271.0763854980469,
				316.62200927734375
			],
			[
				517.3682861328125,
				538.828369140625
			],
			[
				708.8756713867188,
				775.6250610351562
			],
			[
				759.0379638671875,
				303.4386901855469
			],
			[
				916.8002319335938,
				536.8616943359375
			],
			[
				314.467529296875,
				675.258056640625
			],
			[
				292.4845275878906,
				361.0069580078125
			],
			[
				196.08245849609375,
				524.3921508789062
			],
			[
				182.5336456298828,
				721.9088134765625
			],
			[
				180.99737548828125,
				337.46514892578125
			],
			[
				236.87286376953125,
				533.0752563476562
			]
		],
		"OpenCV": [
			[
				323.33382569910157,
				759.9365299021563
			],
			[
				271.07616012615506,
				316.6222220229745
			],
			[
				517.3680727873394,
				538.8285502368666
			],
			[
				708.8754470447996,
				775.6251928241446
			],
			[
				759.0377094809252,
				303.43885819848435
			],
			[
				916.8000092755616,
				536.8618471975307
			],
			[
				314.46734082082867,
				675.2581862918371
			],
			[
				292.48436628773385,
				361.00717731912766
			],
			[
				196.08226080074087,
				524.3923684317824
			],
			[
				182.5334619247442,
				721.9090133962103
			],
			[
				180.99713514022238,
				337.4653601515025
			],
			[
				236.8726586080602,
				533.0754857256779
			]
		],
		"Obj_Util": [
			[
				323.33385467529297,
				759.9365615844727
			],
			[
				271.0762596130371,
				316.62220001220703
			],
			[
				517.3681259155273,
				538.8285541534424
			],
			[
				708.8755035400391,
				775.6251525878906
			],
			[
				759.0377044677734,
				303.43889236450195
			],
			[
				916.8000030517578,
				536.8618297576904
			],
			[
				314.46733474731445,
				675.2581787109375
			],
			[
				292.4843978881836,
				361.00719451904297
			],
			[
				196.0822868347168,
				524.3923473358154
			],
			[
				182.53351211547852,
				721.9089889526367
			],
			[
				180.9971809387207,
				337.46532440185547
			],
			[
				236.87271118164062,
				533.0754661560059
			]
		],
		"points3D": [
			[
				0.04999985,
				0.00012187,
				-0.025
			],
			[
				0.04950618,
				-0.00700984,
				0.015
			],
			[
				0.04617661,
				0.01917604,
				-0.005
			],
			[
				0.03757846,
				0.03298272,
				-0.025
			],
			[
				0.03457373,
				0.03612004,
				0.015
			],
			[
				0.02214263,
				0.04482972,
				-0.005
			],
			[
				0.00091937,
				-0.04999155,
				-0.025
			],
			[
				0.00502158,
				-0.0497472,
				0.015
			],
			[
				0.02818659,
				-0.04129789,
				-0.005
			],
			[
				0.04023491,
				-0.0296842,
				-0.025
			],
			[
				0.03804787,
				-0.03244009,
				0.015
			],
			[
				0.04833233,
				-0.0128057,
				-0.005
			]
		]
	}
}