{
	"serial": "WMTD307H601AF2",
	"camera_f": [
		715.159,
		715.159
	],
	"camera_c": [
		650.741,
		489.184
	],
	"camera_k": [
		0.075663,
		-0.027738,
		0.007440,
		-0.000961
	]
}