{

	"serial": "WMTD306L500Z8H",

	"camera_f": [
		717.214,
		717.214
	],
	"camera_c": [
		642.858,
		474.687
	],
	"camera_k": [
		0.072943,
		-0.025317,
		0.006315,
		-0.000784
	]
}