{"gyro_m":[0.9988067896,-0.0002058695,0.0112558369,0.0140468149,-2.8516e-05,-0.9987484763,-0.0001021891,0.9988231368,-0.0001470184],"acc_b":[-0.1491674731,0.0751322221,-0.0110938061],"build_bash":"568eaa2725999b69cdda6f2f1c252427dafe3ebf","TrackedObject":{"JsonVersion":3,"Lensing":{"Model0":[4,0.00225126,-0.00488171,0.00377238,-0.000125422]},"GyroCalibration":[0.99851309,0.0268824,-0.00946004,-0.00698385,0.01150294,-0.99869928,-0.0271137,0.99839507,0.01164029,0.00219009,-0.00859967,-0.01082204],"ImuPosition":[0.005585638,-0.007119839,0.019845198],"ModelPoints":{"Point12":[-0.03293641,0.00380251,0.00016318,-0.7051038,-0.6950803,0.14032818,85.0,80.0,0.0],"Point11":[-0.04223594,0.0227113,-0.00379005,-0.9435189,-0.10477919,-0.31431419,85.0,80.0,0.0],"Point14":[-0.02003363,-0.0040295,-0.01488725,-0.49720891,-0.70839529,-0.5009585,85.0,80.0,0.0],"Point13":[-0.03011022,0.00373697,-0.01298322,-0.67315478,-0.5810967,-0.45737213,85.0,80.0,0.0],"Point10":[-0.04267813,0.03015414,0.01617827,-0.90904575,-0.17393345,0.37865945,85.0,80.0,0.0],"Point0":[0.02156932,-0.00332958,-0.01389318,0.52706841,-0.71386452,-0.46108171,85.0,80.0,0.0],"Point1":[0.03196187,0.0058295,-0.01211378,0.71941994,-0.53832866,-0.43890456,85.0,80.0,0.0],"Point2":[0.0370099,0.00933769,0.00310757,0.75763735,-0.6234486,0.19312559,85.0,80.0,0.0],"Point3":[0.04279047,0.02676741,-0.00188363,0.95565641,0.00827838,-0.29436762,85.0,80.0,0.0],"Point4":[0.04175427,0.03571097,0.01985573,0.89943476,-0.04857372,0.43434745,85.0,80.0,0.0],"Point5":[0.02963578,0.06166219,0.01627418,0.57938915,0.80424722,-0.13226727,85.0,80.0,0.0],"Point6":[0.01433482,0.06328027,0.03652819,0.32401356,0.5869508,0.74195955,85.0,80.0,0.0],"Point7":[-0.00793213,0.07140238,0.02068046,-0.14082806,0.97575588,-0.16753482,85.0,80.0,0.0],"Point8":[-0.02994604,0.05511611,0.03121249,-0.66436362,0.41503629,0.62158335,85.0,80.0,0.0],"Point9":[-0.03733467,0.05282109,0.01098345,-0.77126662,0.61174447,-0.17583089,85.0,80.0,0.0]},"BuildBash":"568eaa2725999b69cdda6f2f1c252427dafe3ebf","LedOnTime":35,"FlsVersion":"1.0.10","AccCalibration":[0.99948821,0.02748471,-0.0090872,-0.00985013,0.01142703,-1.00083465,-0.02722257,1.0012446,0.01107721,-0.14916747,0.07513222,-0.01109381]},"gyro_b":[0.0021900882,-0.0085996694,-0.0108220367],"acc_m":[0.9998445998,0.0003211087,0.0116885348,0.0112028929,-0.0001264112,-1.0008686865,-0.0002176459,1.0016868841,-0.0007243871]}
