{
	"CAMERA_0": {
		"Vertex": [],
		"Project": [
			[
				641.5410766601562,
				540.814453125
			],
			[
				656.3616333007812,
				557.3573608398438
			],
			[
				674.9364013671875,
				561.0377197265625
			],
			[
				693.4569091796875,
				548.0613403320312
			],
			[
				707.6447143554688,
				520.9246215820312
			],
			[
				713.5492553710938,
				495.1214599609375
			],
			[
				714.2115478515625,
				461.08880615234375
			],
			[
				709.2717895507812,
				434.9058532714844
			],
			[
				694.7630004882812,
				404.2017822265625
			],
			[
				678.8856201171875,
				390.86181640625
			],
			[
				658.9052124023438,
				391.6463928222656
			],
			[
				641.5410766601562,
				409.7254943847656
			],
			[
				610.9364013671875,
				520.1011352539062
			],
			[
				620.9322509765625,
				539.60302734375
			],
			[
				650.464599609375,
				559.5664672851562
			],
			[
				667.1067504882812,
				550.6096801757812
			],
			[
				680.0784912109375,
				530.59033203125
			],
			[
				689.15771484375,
				497.5317077636719
			],
			[
				687.6190185546875,
				444.2738342285156
			],
			[
				675.0037231445312,
				410.2536926269531
			],
			[
				658.7613525390625,
				393.6420593261719
			],
			[
				639.6744384765625,
				392.6312255859375
			],
			[
				620.9382934570312,
				410.9539794921875
			],
			[
				610.8981323242188,
				430.552490234375
			]
		],
		"OpenCV": [
			[
				641.5411996087743,
				540.8144653274458
			],
			[
				656.361799073447,
				557.3573912439261
			],
			[
				674.9365342475384,
				561.0377125080911
			],
			[
				693.4569712551075,
				548.0613161473556
			],
			[
				707.6448917212533,
				520.92462433121
			],
			[
				713.5493625618954,
				495.1214634787343
			],
			[
				714.2116374618292,
				461.088793778947
			],
			[
				709.2719027155925,
				434.90583221043204
			],
			[
				694.7631769537387,
				404.2017956022054
			],
			[
				678.8857270023018,
				390.86181821632795
			],
			[
				658.9053639716476,
				391.64639925188186
			],
			[
				641.5411829121074,
				409.72545590224286
			],
			[
				610.9364663212789,
				520.1011171129837
			],
			[
				620.9323803824813,
				539.602987450118
			],
			[
				650.4646883645187,
				559.5664662853446
			],
			[
				667.106843039239,
				550.6096568029315
			],
			[
				680.0786181493506,
				530.5903091860894
			],
			[
				689.15778817395,
				497.5316856834741
			],
			[
				687.6191362129905,
				444.2738171842432
			],
			[
				675.0038203305066,
				410.25369060842957
			],
			[
				658.7614328727111,
				393.6420389759048
			],
			[
				639.6746053805002,
				392.6312497247579
			],
			[
				620.9383913456045,
				410.9539486554619
			],
			[
				610.8982634918895,
				430.55253142569245
			]
		],
		"Obj_Util": [
			[
				641.5412139892578,
				540.8144760131836
			],
			[
				656.3617706298828,
				557.3573970794678
			],
			[
				674.9365234375,
				561.0377311706543
			],
			[
				693.4569549560547,
				548.0613040924072
			],
			[
				707.6448822021484,
				520.9246444702148
			],
			[
				713.5493469238281,
				495.12145042419434
			],
			[
				714.2116546630859,
				461.088809967041
			],
			[
				709.2719268798828,
				434.9058151245117
			],
			[
				694.76318359375,
				404.20177459716797
			],
			[
				678.8857269287109,
				390.8617973327637
			],
			[
				658.9053344726562,
				391.6464042663574
			],
			[
				641.5411376953125,
				409.72543716430664
			],
			[
				610.9364700317383,
				520.1010990142822
			],
			[
				620.9323501586914,
				539.6029758453369
			],
			[
				650.4647064208984,
				559.5664501190186
			],
			[
				667.1068572998047,
				550.6096458435059
			],
			[
				680.0785827636719,
				530.590295791626
			],
			[
				689.1577911376953,
				497.5316905975342
			],
			[
				687.6190948486328,
				444.27377700805664
			],
			[
				675.0038146972656,
				410.2536964416504
			],
			[
				658.7614440917969,
				393.6420249938965
			],
			[
				639.6746063232422,
				392.6312255859375
			],
			[
				620.9384155273438,
				410.9539604187012
			],
			[
				610.8982467651367,
				430.55253982543945
			]
		],
		"points3D": [
			[
				-0.00528225,
				0.0366059,
				0.00451083
			],
			[
				0.00974598,
				0.0472809,
				0.00426303
			],
			[
				0.029932,
				0.051415,
				0.0039068
			],
			[
				0.0516873,
				0.0454725,
				0.00347272
			],
			[
				0.0696064,
				0.0294595,
				0.00309645
			],
			[
				0.0774698,
				0.0129741,
				0.00295799
			],
			[
				0.0783658,
				-0.00933334,
				0.00294223
			],
			[
				0.0717354,
				-0.0261962,
				0.00305024
			],
			[
				0.053283,
				-0.0445682,
				0.00343601
			],
			[
				0.0344388,
				-0.0510703,
				0.00382741
			],
			[
				0.0124534,
				-0.0484432,
				0.00423956
			],
			[
				-0.00528225,
				-0.0366059,
				0.00451083
			],
			[
				-0.0172553,
				0.0248263,
				0.0168957
			],
			[
				-0.00733024,
				0.0363881,
				0.0171509
			],
			[
				0.0245455,
				0.0508898,
				0.0179013
			],
			[
				0.0445366,
				0.0472811,
				0.0184052
			],
			[
				0.0612489,
				0.0358151,
				0.0188228
			],
			[
				0.073585,
				0.0147213,
				0.0191252
			],
			[
				0.0714617,
				-0.0204929,
				0.0190769
			],
			[
				0.0545824,
				-0.0416286,
				0.0186546
			],
			[
				0.0342966,
				-0.0502636,
				0.0181346
			],
			[
				0.0123831,
				-0.0487058,
				0.0175963
			],
			[
				-0.00732576,
				-0.0363831,
				0.0171499
			],
			[
				-0.0172944,
				-0.0247583,
				0.0168933
			]
		]
	},
	"CAMERA_1": {
		"Vertex": [],
		"Project": [],
		"OpenCV": [],
		"Obj_Util": [],
		"points3D": []
	}
}