{
	"CAMERA_0": {
		"Vertex": [],
		"Project": [
			[
				733.6785278320312,
				463.5262451171875
			],
			[
				702.1852416992188,
				470.61932373046875
			],
			[
				673.4873657226562,
				442.4978332519531
			],
			[
				639.6890869140625,
				474.5556335449219
			],
			[
				606.238037109375,
				440.83648681640625
			],
			[
				588.4356079101562,
				477.66802978515625
			],
			[
				590.8955078125,
				442.1643981933594
			],
			[
				620.1328735351562,
				478.8844299316406
			],
			[
				659.2489624023438,
				446.7250061035156
			],
			[
				685.6985473632812,
				477.5600280761719
			],
			[
				718.912109375,
				447.5875244140625
			],
			[
				746.3500366210938,
				474.4566345214844
			],
			[
				764.32763671875,
				447.3932189941406
			],
			[
				773.7899780273438,
				471.1772155761719
			],
			[
				779.4400634765625,
				466.56256103515625
			]
		],
		"OpenCV": [
			[
				733.6787898270545,
				463.5263574611762
			],
			[
				702.1854948234685,
				470.6194704337768
			],
			[
				673.4876383944085,
				442.49796616419616
			],
			[
				639.6893044589985,
				474.55573132609305
			],
			[
				606.238178616994,
				440.8365634798601
			],
			[
				588.4358072061822,
				477.6681196300943
			],
			[
				590.895659307963,
				442.16445549480716
			],
			[
				620.1330364019802,
				478.8844909208151
			],
			[
				659.2492148924952,
				446.7251068583116
			],
			[
				685.6988075848104,
				477.56014425919557
			],
			[
				718.912388907921,
				447.5876486631862
			],
			[
				746.350245670452,
				474.4567194461906
			],
			[
				764.3278797364744,
				447.3933085866526
			],
			[
				773.7902246159041,
				471.17733131974614
			],
			[
				779.440301297673,
				466.562645075696
			]
		],
		"Obj_Util": [
			[
				733.6786651611328,
				463.52617263793945
			],
			[
				702.1853637695312,
				470.61927795410156
			],
			[
				673.4874725341797,
				442.4977684020996
			],
			[
				639.6892166137695,
				474.5555305480957
			],
			[
				606.2380981445312,
				440.8363723754883
			],
			[
				588.4357070922852,
				477.6679229736328
			],
			[
				590.8955383300781,
				442.1642875671387
			],
			[
				620.1329040527344,
				478.88431549072266
			],
			[
				659.2491149902344,
				446.7248725891113
			],
			[
				685.6986999511719,
				477.5599479675293
			],
			[
				718.9122772216797,
				447.5874710083008
			],
			[
				746.35009765625,
				474.45653915405273
			],
			[
				764.3276977539062,
				447.39309310913086
			],
			[
				773.7900543212891,
				471.17712020874023
			],
			[
				779.4401550292969,
				466.56246185302734
			]
		],
		"points3D": [
			[
				-0.02146761,
				-0.00343424,
				-0.01381839
			],
			[
				-0.0318701,
				0.00568587,
				-0.01206734
			],
			[
				-0.03692925,
				0.00930785,
				0.00321071
			],
			[
				-0.04287211,
				0.02691347,
				-0.00194137
			],
			[
				-0.04170018,
				0.03609551,
				0.01989264
			],
			[
				-0.02923584,
				0.06186962,
				0.0161972
			],
			[
				-0.01456789,
				0.06295633,
				0.03659283
			],
			[
				0.00766914,
				0.07115411,
				0.0206431
			],
			[
				0.02992447,
				0.05507271,
				0.03108736
			],
			[
				0.03724313,
				0.05268665,
				0.01100446
			],
			[
				0.04265723,
				0.03016438,
				0.01624689
			],
			[
				0.04222733,
				0.0228845,
				-0.00394005
			],
			[
				0.03300807,
				0.00371497,
				0.00026865
			],
			[
				0.03006234,
				0.00378822,
				-0.01297127
			],
			[
				0.02000199,
				-0.00388647,
				-0.014973
			]
		]
	},
	"CAMERA_1": {
		"Vertex": [],
		"Project": [
			[
				685.2021484375,
				471.1061706542969
			],
			[
				660.5408325195312,
				478.38677978515625
			],
			[
				631.5420532226562,
				449.09674072265625
			],
			[
				596.2809448242188,
				483.0045471191406
			],
			[
				549.6450805664062,
				446.23394775390625
			],
			[
				509.5520324707031,
				487.2724304199219
			],
			[
				496.5883483886719,
				447.4667663574219
			],
			[
				515.3867797851562,
				488.505859375
			],
			[
				547.7952270507812,
				453.5019836425781
			],
			[
				575.3656005859375,
				486.3628845214844
			],
			[
				610.8286743164062,
				455.07403564453125
			],
			[
				642.7045288085938,
				482.49029541015625
			],
			[
				669.195068359375,
				455.3005065917969
			],
			[
				681.9661254882812,
				478.8984375
			],
			[
				696.0621337890625,
				474.2530517578125
			]
		],
		"OpenCV": [
			[
				685.2020708002885,
				471.1063150026671
			],
			[
				660.5407395454372,
				478.38689043305965
			],
			[
				631.5419061089908,
				449.09686731478723
			],
			[
				596.2807814792974,
				483.0046128001063
			],
			[
				549.6449775514029,
				446.234106162948
			],
			[
				509.5519175399562,
				487.27257947151696
			],
			[
				496.5882622673196,
				447.4669484755552
			],
			[
				515.3866742949631,
				488.50600435306217
			],
			[
				547.7951482254101,
				453.5021830737594
			],
			[
				575.3654769195239,
				486.3630033689204
			],
			[
				610.828571555118,
				455.0741997770667
			],
			[
				642.7044348451615,
				482.4904548843437
			],
			[
				669.1949547646502,
				455.3006598158255
			],
			[
				681.9660349782025,
				478.89857738420375
			],
			[
				696.062110210356,
				474.2532132894937
			]
		],
		"Obj_Util": [
			[
				685.2021789550781,
				471.1061096191406
			],
			[
				660.5408477783203,
				478.38672637939453
			],
			[
				631.5420150756836,
				449.0966606140137
			],
			[
				596.2808609008789,
				483.0043888092041
			],
			[
				549.6451187133789,
				446.2339210510254
			],
			[
				509.55204010009766,
				487.27237701416016
			],
			[
				496.5884017944336,
				447.46673583984375
			],
			[
				515.3867721557617,
				488.50579261779785
			],
			[
				547.7952575683594,
				453.50194931030273
			],
			[
				575.3655624389648,
				486.36280059814453
			],
			[
				610.8287048339844,
				455.07402420043945
			],
			[
				642.7045440673828,
				482.490291595459
			],
			[
				669.1950988769531,
				455.3005027770996
			],
			[
				681.9661712646484,
				478.8983917236328
			],
			[
				696.0622406005859,
				474.2530632019043
			]
		],
		"points3D": [
			[
				-0.02146761,
				-0.00343424,
				-0.01381839
			],
			[
				-0.0318701,
				0.00568587,
				-0.01206734
			],
			[
				-0.03692925,
				0.00930785,
				0.00321071
			],
			[
				-0.04287211,
				0.02691347,
				-0.00194137
			],
			[
				-0.04170018,
				0.03609551,
				0.01989264
			],
			[
				-0.02923584,
				0.06186962,
				0.0161972
			],
			[
				-0.01456789,
				0.06295633,
				0.03659283
			],
			[
				0.00766914,
				0.07115411,
				0.0206431
			],
			[
				0.02992447,
				0.05507271,
				0.03108736
			],
			[
				0.03724313,
				0.05268665,
				0.01100446
			],
			[
				0.04265723,
				0.03016438,
				0.01624689
			],
			[
				0.04222733,
				0.0228845,
				-0.00394005
			],
			[
				0.03300807,
				0.00371497,
				0.00026865
			],
			[
				0.03006234,
				0.00378822,
				-0.01297127
			],
			[
				0.02000199,
				-0.00388647,
				-0.014973
			]
		]
	}
}