{
	"CAMERA_0": {
		"Vertex": [],
		"Project": [
			[
				-453.6500244140625,
				652.6778564453125
			],
			[
				-1228.6043701171875,
				139.7994384765625
			],
			[
				8849.962890625,
				2541.466796875
			],
			[
				-15083.7109375,
				-9403.6142578125
			],
			[
				2147.292236328125,
				1768.6376953125
			],
			[
				1939.727783203125,
				3197.629638671875
			],
			[
				937.1488037109375,
				1701.608154296875
			],
			[
				388.70068359375,
				2931.891845703125
			],
			[
				-32.5178108215332,
				1738.0169677734375
			],
			[
				-1758.329833984375,
				3887.435791015625
			],
			[
				-1217.58837890625,
				1798.6455078125
			],
			[
				8290.95703125,
				-3663.466552734375
			],
			[
				-86904.0,
				10329.927734375
			],
			[
				2305.030029296875,
				267.4526062011719
			],
			[
				1605.4202880859375,
				660.544189453125
			]
		],
		"OpenCV": [
			[
				-453.65003124925056,
				652.6778884621365
			],
			[
				-1228.6043698332378,
				139.79942994695398
			],
			[
				8849.962912139414,
				2541.4664064541475
			],
			[
				-15083.712377076965,
				-9403.615052569996
			],
			[
				2147.2922933067775,
				1768.6376731292416
			],
			[
				1939.7278238399717,
				3197.6297131148553
			],
			[
				937.1487467778805,
				1701.6080166614079
			],
			[
				388.7006759090284,
				2931.891745411464
			],
			[
				-32.51778229197748,
				1738.0168894236558
			],
			[
				-1758.329635987096,
				3887.435711394589
			],
			[
				-1217.5884040126548,
				1798.645547912629
			],
			[
				8290.956656222377,
				-3663.467036317601
			],
			[
				-86904.0037056963,
				10329.92901201816
			],
			[
				2305.0298780117946,
				267.45261272409505
			],
			[
				1605.4200702126864,
				660.5441312043563
			]
		],
		"Obj_Util": [
			[
				-453.6499786376953,
				652.6778984069824
			],
			[
				-1228.6043548583984,
				139.79942321777344
			],
			[
				8849.962768554688,
				2541.4663696289062
			],
			[
				-15083.712158203125,
				-9403.61572265625
			],
			[
				2147.2921752929688,
				1768.6376953125
			],
			[
				1939.727783203125,
				3197.629623413086
			],
			[
				937.1487426757812,
				1701.6081047058105
			],
			[
				388.70067596435547,
				2931.891860961914
			],
			[
				-32.51779317855835,
				1738.0169105529785
			],
			[
				-1758.3294677734375,
				3887.435531616211
			],
			[
				-1217.5882720947266,
				1798.6454772949219
			],
			[
				8290.95703125,
				-3663.4671020507812
			],
			[
				-86903.994140625,
				10329.929809570312
			],
			[
				2305.0299072265625,
				267.4526023864746
			],
			[
				1605.4200744628906,
				660.5441665649414
			]
		],
		"points3D": [
			[
				-0.02146761,
				-0.00343424,
				-0.01381839
			],
			[
				-0.0318701,
				0.00568587,
				-0.01206734
			],
			[
				-0.03692925,
				0.00930785,
				0.00321071
			],
			[
				-0.04287211,
				0.02691347,
				-0.00194137
			],
			[
				-0.04170018,
				0.03609551,
				0.01989264
			],
			[
				-0.02923584,
				0.06186962,
				0.0161972
			],
			[
				-0.01456789,
				0.06295633,
				0.03659283
			],
			[
				0.00766914,
				0.07115411,
				0.0206431
			],
			[
				0.02992447,
				0.05507271,
				0.03108736
			],
			[
				0.03724313,
				0.05268665,
				0.01100446
			],
			[
				0.04265723,
				0.03016438,
				0.01624689
			],
			[
				0.04222733,
				0.0228845,
				-0.00394005
			],
			[
				0.03300807,
				0.00371497,
				0.00026865
			],
			[
				0.03006234,
				0.00378822,
				-0.01297127
			],
			[
				0.02000199,
				-0.00388647,
				-0.014973
			]
		]
	},
	"CAMERA_1": {
		"Vertex": [],
		"Project": [],
		"OpenCV": [],
		"Obj_Util": [],
		"points3D": []
	}
}