{
	"CAMERA_0": {
		"Vertex": [],
		"Project": [
			[
				882.3504028320312,
				462.2345275878906
			],
			[
				854.6069946289062,
				469.40447998046875
			],
			[
				825.3386840820312,
				440.7117614746094
			],
			[
				789.7401733398438,
				472.9325866699219
			],
			[
				747.7979125976562,
				437.73492431640625
			],
			[
				714.5193481445312,
				474.372314453125
			],
			[
				706.1944580078125,
				437.2725524902344
			],
			[
				725.6817016601562,
				474.3500671386719
			],
			[
				758.398681640625,
				441.4714050292969
			],
			[
				784.6221923828125,
				472.81622314453125
			],
			[
				819.95458984375,
				443.0194091796875
			],
			[
				851.067138671875,
				470.4006042480469
			],
			[
				877.2296752929688,
				444.0490417480469
			],
			[
				889.4713745117188,
				468.02545166015625
			],
			[
				902.5618286132812,
				463.95806884765625
			]
		],
		"OpenCV": [
			[
				882.3507630666529,
				462.2345399538452
			],
			[
				854.607251218724,
				469.40439365460907
			],
			[
				825.3390356887436,
				440.71174418696876
			],
			[
				789.7404555920842,
				472.93250951511914
			],
			[
				747.7981746211617,
				437.73480342862564
			],
			[
				714.51962553769,
				474.3722200849589
			],
			[
				706.1948014756777,
				437.2725121243991
			],
			[
				725.6820213093562,
				474.3499654240087
			],
			[
				758.3989845024115,
				441.4713300727188
			],
			[
				784.622443700642,
				472.81613410689573
			],
			[
				819.9548827437843,
				443.01938471508913
			],
			[
				851.0674241459085,
				470.4005685632027
			],
			[
				877.2300301353644,
				444.04900352325024
			],
			[
				889.471699722126,
				468.02541654493933
			],
			[
				902.5622092136382,
				463.958052758415
			]
		],
		"Obj_Util": [
			[
				882.3506164550781,
				462.23453521728516
			],
			[
				854.6070861816406,
				469.4044303894043
			],
			[
				825.3388214111328,
				440.7117462158203
			],
			[
				789.7402954101562,
				472.9325866699219
			],
			[
				747.7980041503906,
				437.7348518371582
			],
			[
				714.5195007324219,
				474.37231063842773
			],
			[
				706.1946868896484,
				437.27256774902344
			],
			[
				725.6819152832031,
				474.3500518798828
			],
			[
				758.3988189697266,
				441.4714050292969
			],
			[
				784.6223449707031,
				472.81620025634766
			],
			[
				819.9547576904297,
				443.01944732666016
			],
			[
				851.0672760009766,
				470.4005813598633
			],
			[
				877.2299194335938,
				444.049015045166
			],
			[
				889.4715881347656,
				468.02541732788086
			],
			[
				902.5620269775391,
				463.9580726623535
			]
		],
		"points3D": [
			[
				-0.02146761,
				-0.00343424,
				-0.01381839
			],
			[
				-0.0318701,
				0.00568587,
				-0.01206734
			],
			[
				-0.03692925,
				0.00930785,
				0.00321071
			],
			[
				-0.04287211,
				0.02691347,
				-0.00194137
			],
			[
				-0.04170018,
				0.03609551,
				0.01989264
			],
			[
				-0.02923584,
				0.06186962,
				0.0161972
			],
			[
				-0.01456789,
				0.06295633,
				0.03659283
			],
			[
				0.00766914,
				0.07115411,
				0.0206431
			],
			[
				0.02992447,
				0.05507271,
				0.03108736
			],
			[
				0.03724313,
				0.05268665,
				0.01100446
			],
			[
				0.04265723,
				0.03016438,
				0.01624689
			],
			[
				0.04222733,
				0.0228845,
				-0.00394005
			],
			[
				0.03300807,
				0.00371497,
				0.00026865
			],
			[
				0.03006234,
				0.00378822,
				-0.01297127
			],
			[
				0.02000199,
				-0.00388647,
				-0.014973
			]
		]
	},
	"CAMERA_1": {
		"Vertex": [],
		"Project": [
			[
				725.099609375,
				470.1502685546875
			],
			[
				705.172607421875,
				477.7063293457031
			],
			[
				679.351806640625,
				449.0148010253906
			],
			[
				646.4463500976562,
				482.05657958984375
			],
			[
				599.3953857421875,
				444.6238708496094
			],
			[
				552.13525390625,
				483.1758728027344
			],
			[
				532.9589233398438,
				441.7278137207031
			],
			[
				543.6293334960938,
				481.3620300292969
			],
			[
				570.12890625,
				445.524658203125
			],
			[
				595.6188354492188,
				478.3364562988281
			],
			[
				630.370361328125,
				447.7860412597656
			],
			[
				661.8687744140625,
				475.5216369628906
			],
			[
				691.1907958984375,
				450.0519714355469
			],
			[
				704.1377563476562,
				473.57891845703125
			],
			[
				721.0381469726562,
				470.04376220703125
			]
		],
		"OpenCV": [
			[
				725.1000174785156,
				470.1502974430458
			],
			[
				705.1729875156198,
				477.7063239117967
			],
			[
				679.35221926177,
				449.01482597086266
			],
			[
				646.446727888193,
				482.05659032725765
			],
			[
				599.3957387461428,
				444.6238668616885
			],
			[
				552.1356289737715,
				483.17587002582275
			],
			[
				532.9593200161282,
				441.7278242012172
			],
			[
				543.6296878954311,
				481.36201005697353
			],
			[
				570.129284241516,
				445.5246553741868
			],
			[
				595.6192177155411,
				478.336431136838
			],
			[
				630.3708028768377,
				447.78607057832767
			],
			[
				661.8692068523624,
				475.5216679600583
			],
			[
				691.1911334694473,
				450.05197585005493
			],
			[
				704.138149768129,
				473.57894823867633
			],
			[
				721.0385853798748,
				470.0437957674138
			]
		],
		"Obj_Util": [
			[
				725.0996398925781,
				470.15018463134766
			],
			[
				705.1726531982422,
				477.70620346069336
			],
			[
				679.3518829345703,
				449.01477813720703
			],
			[
				646.4463806152344,
				482.05647468566895
			],
			[
				599.3954086303711,
				444.62379455566406
			],
			[
				552.1353149414062,
				483.1758213043213
			],
			[
				532.958984375,
				441.7277526855469
			],
			[
				543.6293792724609,
				481.3619327545166
			],
			[
				570.1289749145508,
				445.5246162414551
			],
			[
				595.618896484375,
				478.3363723754883
			],
			[
				630.3704833984375,
				447.7859687805176
			],
			[
				661.868896484375,
				475.5215835571289
			],
			[
				691.1907958984375,
				450.0518989562988
			],
			[
				704.1378021240234,
				473.5788917541504
			],
			[
				721.0382843017578,
				470.04369735717773
			]
		],
		"points3D": [
			[
				-0.02146761,
				-0.00343424,
				-0.01381839
			],
			[
				-0.0318701,
				0.00568587,
				-0.01206734
			],
			[
				-0.03692925,
				0.00930785,
				0.00321071
			],
			[
				-0.04287211,
				0.02691347,
				-0.00194137
			],
			[
				-0.04170018,
				0.03609551,
				0.01989264
			],
			[
				-0.02923584,
				0.06186962,
				0.0161972
			],
			[
				-0.01456789,
				0.06295633,
				0.03659283
			],
			[
				0.00766914,
				0.07115411,
				0.0206431
			],
			[
				0.02992447,
				0.05507271,
				0.03108736
			],
			[
				0.03724313,
				0.05268665,
				0.01100446
			],
			[
				0.04265723,
				0.03016438,
				0.01624689
			],
			[
				0.04222733,
				0.0228845,
				-0.00394005
			],
			[
				0.03300807,
				0.00371497,
				0.00026865
			],
			[
				0.03006234,
				0.00378822,
				-0.01297127
			],
			[
				0.02000199,
				-0.00388647,
				-0.014973
			]
		]
	}
}