{
	"CAMERA_0": {
		"Vertex": [],
		"Project": [
			[
				882.11865234375,
				462.10626220703125
			],
			[
				854.7113647460938,
				469.511474609375
			],
			[
				825.24072265625,
				440.57196044921875
			],
			[
				789.416259765625,
				473.2852478027344
			],
			[
				746.3651123046875,
				437.5908508300781
			],
			[
				711.6124877929688,
				474.5849914550781
			],
			[
				702.1865234375,
				436.7859802246094
			],
			[
				721.1156005859375,
				474.0970764160156
			],
			[
				753.3651733398438,
				440.61212158203125
			],
			[
				779.7645874023438,
				472.18017578125
			],
			[
				815.277099609375,
				442.0513000488281
			],
			[
				846.816650390625,
				469.6221618652344
			],
			[
				873.643798828125,
				443.1563415527344
			],
			[
				886.1882934570312,
				467.3134765625
			],
			[
				899.9383544921875,
				463.3164978027344
			]
		],
		"OpenCV": [
			[
				882.1187123382864,
				462.1063519064988
			],
			[
				854.7114634762949,
				469.51157145680133
			],
			[
				825.2407633962682,
				440.57200924686134
			],
			[
				789.4162773265966,
				473.2853263005261
			],
			[
				746.3651691551969,
				437.5909501839857
			],
			[
				711.6125486797229,
				474.58508689142786
			],
			[
				702.1865299708609,
				436.78604318488476
			],
			[
				721.115654023855,
				474.09715384359424
			],
			[
				753.3652708204564,
				440.6122542808791
			],
			[
				779.764628449775,
				472.1802882725121
			],
			[
				815.2772124998022,
				442.05140122824
			],
			[
				846.816723465805,
				469.6222596457303
			],
			[
				873.6438957547902,
				443.1564225309636
			],
			[
				886.1883176625972,
				467.3135616620498
			],
			[
				899.9384609840881,
				463.31660861359126
			]
		],
		"Obj_Util": [
			[
				882.1186065673828,
				462.1062469482422
			],
			[
				854.7113800048828,
				469.51148986816406
			],
			[
				825.2406311035156,
				440.5718994140625
			],
			[
				789.4161987304688,
				473.2852363586426
			],
			[
				746.3650512695312,
				437.59082794189453
			],
			[
				711.6124725341797,
				474.58499908447266
			],
			[
				702.1864318847656,
				436.7859649658203
			],
			[
				721.1155700683594,
				474.0970802307129
			],
			[
				753.3651733398438,
				440.6121253967285
			],
			[
				779.7645568847656,
				472.1801948547363
			],
			[
				815.277099609375,
				442.0513343811035
			],
			[
				846.8166351318359,
				469.62215423583984
			],
			[
				873.643798828125,
				443.1563186645508
			],
			[
				886.1882019042969,
				467.31348037719727
			],
			[
				899.9383544921875,
				463.3165168762207
			]
		],
		"points3D": [
			[
				-0.02146761,
				-0.00343424,
				-0.01381839
			],
			[
				-0.0318701,
				0.00568587,
				-0.01206734
			],
			[
				-0.03692925,
				0.00930785,
				0.00321071
			],
			[
				-0.04287211,
				0.02691347,
				-0.00194137
			],
			[
				-0.04170018,
				0.03609551,
				0.01989264
			],
			[
				-0.02923584,
				0.06186962,
				0.0161972
			],
			[
				-0.01456789,
				0.06295633,
				0.03659283
			],
			[
				0.00766914,
				0.07115411,
				0.0206431
			],
			[
				0.02992447,
				0.05507271,
				0.03108736
			],
			[
				0.03724313,
				0.05268665,
				0.01100446
			],
			[
				0.04265723,
				0.03016438,
				0.01624689
			],
			[
				0.04222733,
				0.0228845,
				-0.00394005
			],
			[
				0.03300807,
				0.00371497,
				0.00026865
			],
			[
				0.03006234,
				0.00378822,
				-0.01297127
			],
			[
				0.02000199,
				-0.00388647,
				-0.014973
			]
		]
	},
	"CAMERA_1": {
		"Vertex": [],
		"Project": [
			[
				725.2095336914062,
				470.223388671875
			],
			[
				705.2486572265625,
				477.3919982910156
			],
			[
				679.0894165039062,
				449.36273193359375
			],
			[
				647.1143798828125,
				482.00982666015625
			],
			[
				600.5051879882812,
				446.2657775878906
			],
			[
				555.40625,
				485.69488525390625
			],
			[
				536.6487426757812,
				446.3031921386719
			],
			[
				548.2871704101562,
				486.1111145019531
			],
			[
				574.3477172851562,
				451.4421691894531
			],
			[
				600.0352172851562,
				483.5390625
			],
			[
				633.8367919921875,
				453.04693603515625
			],
			[
				665.3096923828125,
				479.7709045410156
			],
			[
				693.4642333984375,
				453.7452697753906
			],
			[
				706.5940551757812,
				476.5773010253906
			],
			[
				722.868408203125,
				472.33404541015625
			]
		],
		"OpenCV": [
			[
				725.2098172002871,
				470.2234006560779
			],
			[
				705.2489344000925,
				477.39201597250246
			],
			[
				679.0897076245624,
				449.3627308250908
			],
			[
				647.1145990160277,
				482.0097901435154
			],
			[
				600.5054317161464,
				446.2657777140063
			],
			[
				555.4064745678882,
				485.6948994169054
			],
			[
				536.6489748939167,
				446.30317503421696
			],
			[
				548.287360029786,
				486.111100858152
			],
			[
				574.3479763742207,
				451.44217762686606
			],
			[
				600.0354710548486,
				483.5390532004546
			],
			[
				633.8371169967054,
				453.0469412100175
			],
			[
				665.3099757950372,
				479.7709001673346
			],
			[
				693.4644874606455,
				453.74527690579055
			],
			[
				706.5942992007681,
				476.5772764400162
			],
			[
				722.8686655305102,
				472.3340784976925
			]
		],
		"Obj_Util": [
			[
				725.2095794677734,
				470.2233695983887
			],
			[
				705.2487182617188,
				477.39200592041016
			],
			[
				679.0895080566406,
				449.36267852783203
			],
			[
				647.1144104003906,
				482.0097541809082
			],
			[
				600.5052185058594,
				446.2657928466797
			],
			[
				555.4062652587891,
				485.6948661804199
			],
			[
				536.6487884521484,
				446.3031578063965
			],
			[
				548.2871627807617,
				486.1110591888428
			],
			[
				574.3478012084961,
				451.4421272277832
			],
			[
				600.0352478027344,
				483.5390281677246
			],
			[
				633.8369369506836,
				453.046875
			],
			[
				665.3097534179688,
				479.7708320617676
			],
			[
				693.4642791748047,
				453.7452507019043
			],
			[
				706.5940856933594,
				476.57724380493164
			],
			[
				722.8684234619141,
				472.3340606689453
			]
		],
		"points3D": [
			[
				-0.02146761,
				-0.00343424,
				-0.01381839
			],
			[
				-0.0318701,
				0.00568587,
				-0.01206734
			],
			[
				-0.03692925,
				0.00930785,
				0.00321071
			],
			[
				-0.04287211,
				0.02691347,
				-0.00194137
			],
			[
				-0.04170018,
				0.03609551,
				0.01989264
			],
			[
				-0.02923584,
				0.06186962,
				0.0161972
			],
			[
				-0.01456789,
				0.06295633,
				0.03659283
			],
			[
				0.00766914,
				0.07115411,
				0.0206431
			],
			[
				0.02992447,
				0.05507271,
				0.03108736
			],
			[
				0.03724313,
				0.05268665,
				0.01100446
			],
			[
				0.04265723,
				0.03016438,
				0.01624689
			],
			[
				0.04222733,
				0.0228845,
				-0.00394005
			],
			[
				0.03300807,
				0.00371497,
				0.00026865
			],
			[
				0.03006234,
				0.00378822,
				-0.01297127
			],
			[
				0.02000199,
				-0.00388647,
				-0.014973
			]
		]
	}
}