{
	"rvec": [
		0.8604409367325003,
		1.63833514814977,
		-1.638335024854279
	],
	"tvec": [
		-7.450580596923828e-08,
		-1.889191914017374e-08,
		0.20000015199184418
	]
}